-- MariaDB dump 10.19  Distrib 10.10.2-MariaDB, for debian-linux-gnu (x86_64)
--
-- Host: 0.0.0.0    Database: server_db
-- ------------------------------------------------------
-- Server version	10.10.2-MariaDB-1:10.10.2+maria~ubu2204

/*!40101 SET @OLD_CHARACTER_SET_CLIENT=@@CHARACTER_SET_CLIENT */;
/*!40101 SET @OLD_CHARACTER_SET_RESULTS=@@CHARACTER_SET_RESULTS */;
/*!40101 SET @OLD_COLLATION_CONNECTION=@@COLLATION_CONNECTION */;
/*!40101 SET NAMES utf8mb4 */;
/*!40103 SET @OLD_TIME_ZONE=@@TIME_ZONE */;
/*!40103 SET TIME_ZONE='+00:00' */;
/*!40014 SET @OLD_UNIQUE_CHECKS=@@UNIQUE_CHECKS, UNIQUE_CHECKS=0 */;
/*!40014 SET @OLD_FOREIGN_KEY_CHECKS=@@FOREIGN_KEY_CHECKS, FOREIGN_KEY_CHECKS=0 */;
/*!40101 SET @OLD_SQL_MODE=@@SQL_MODE, SQL_MODE='NO_AUTO_VALUE_ON_ZERO' */;
/*!40111 SET @OLD_SQL_NOTES=@@SQL_NOTES, SQL_NOTES=0 */;

--
-- Table structure for table `comments`
--

DROP TABLE IF EXISTS `comments`;
/*!40101 SET @saved_cs_client     = @@character_set_client */;
/*!40101 SET character_set_client = utf8 */;
CREATE TABLE `comments` (
  `comment_id` varchar(36) NOT NULL,
  `parent_id` varchar(36) DEFAULT NULL,
  `is_del` smallint(6) NOT NULL DEFAULT 0,
  `user_id` varchar(36) DEFAULT NULL,
  `add_date` datetime DEFAULT current_timestamp(),
  `comment` varchar(2000) DEFAULT NULL,
  `likes_count` int(11) DEFAULT 0,
  `dislikes_count` int(11) DEFAULT 0,
  `replies_count` int(11) DEFAULT 0,
  PRIMARY KEY (`comment_id`),
  KEY `user_id` (`user_id`),
  CONSTRAINT `comments_users_ref` FOREIGN KEY (`user_id`) REFERENCES `users` (`user_id`)
) ENGINE=InnoDB DEFAULT CHARSET=utf8mb4 COLLATE=utf8mb4_general_ci;
/*!40101 SET character_set_client = @saved_cs_client */;

--
-- Dumping data for table `comments`
--

LOCK TABLES `comments` WRITE;
/*!40000 ALTER TABLE `comments` DISABLE KEYS */;
INSERT INTO `comments` VALUES
('013c713b-2577-45f1-ba57-0878a7748256',NULL,1,'fb2b2e63-ebff-4ed3-a15b-fda45e3452a4','2022-11-06 15:09:32','Hello,\nWorld<div>111111111</div><div>111111111</div>',0,1,0),
('03b877ee-b157-4f7b-914d-021f30d49cfc','32929cb1-7225-489e-bbdf-e9c9da283e38',0,'fb2b2e63-ebff-4ed3-a15b-fda45e3452a4','2022-11-23 11:57:57','111',0,0,0),
('0892b4b5-47a5-46fd-9f34-5562b49bf12e','ff69d1f6-4d3a-4b22-bc42-9830381b2f7e',0,'fb2b2e63-ebff-4ed3-a15b-fda45e3452a4','2022-11-09 18:03:50','22222222222',0,0,0),
('11c09626-9963-4f26-a239-0b8c4d47c8b8','377c0c45-091b-4f5b-8fe8-49471a7cf458',1,'fb2b2e63-ebff-4ed3-a15b-fda45e3452a4','2022-11-07 09:05:41','22222222222',1,0,0),
('1c88abef-2915-4383-9ccb-2ea2e278bd2b',NULL,1,'fb2b2e63-ebff-4ed3-a15b-fda45e3452a4','2022-11-03 11:37:05',NULL,0,0,0),
('1fcb7991-7da1-416e-90d0-70388b171bd4',NULL,1,'fb2b2e63-ebff-4ed3-a15b-fda45e3452a4','2022-11-03 11:41:55','qqqqqqqqqqqqqqq',0,0,0),
('264bfc16-5dc0-4320-82b8-872e6908858d',NULL,0,'a0e6f4c0-23b5-46aa-a935-571ffcb18ce7','2022-11-14 20:36:41','5',0,0,0),
('288b2bde-ade8-4ac7-a495-cac9a36882ac','6ea17cee-e266-4441-9552-408f976b2166',0,'fb2b2e63-ebff-4ed3-a15b-fda45e3452a4','2022-11-09 20:39:23','33',0,0,0),
('3194f512-b342-4f57-9cb1-657b663bc839',NULL,1,'fb2b2e63-ebff-4ed3-a15b-fda45e3452a4','2022-11-03 08:34:06',NULL,0,0,0),
('31ba5125-0a31-4195-92fc-487590288996',NULL,0,'fb2b2e63-ebff-4ed3-a15b-fda45e3452a4','2022-09-29 19:01:53','qqqqqq',1,0,0),
('32929cb1-7225-489e-bbdf-e9c9da283e38',NULL,0,'fb2b2e63-ebff-4ed3-a15b-fda45e3452a4','2022-09-29 18:54:20','qqqqqqqqqq',0,2,1),
('3729579c-291f-462f-913f-23f20e16cdfe',NULL,1,'fb2b2e63-ebff-4ed3-a15b-fda45e3452a4','2022-09-29 19:04:04','sssssss',1,0,0),
('377c0c45-091b-4f5b-8fe8-49471a7cf458',NULL,1,'fb2b2e63-ebff-4ed3-a15b-fda45e3452a4','2022-11-06 19:36:05','1111111111111111<div>33333333333333</div><div>gggggggggg</div>',1,0,2),
('3b09ec6f-fd9f-494c-90a7-93aa127e52fa','6ea17cee-e266-4441-9552-408f976b2166',0,'fb2b2e63-ebff-4ed3-a15b-fda45e3452a4','2022-11-09 18:28:08','222222222',0,0,0),
('40bd4fdb-a8ca-46e2-8143-9db8373f98f7','6ea17cee-e266-4441-9552-408f976b2166',1,'fb2b2e63-ebff-4ed3-a15b-fda45e3452a4','2022-11-07 20:21:50','222222222222222<div>222222222222222</div><div>222222222222222</div>',0,1,1),
('415de127-2f46-4571-820f-adddd7e4d6c3','6ea17cee-e266-4441-9552-408f976b2166',0,'fb2b2e63-ebff-4ed3-a15b-fda45e3452a4','2022-11-09 20:34:42','55555',0,0,0),
('454f3b97-b633-4bee-8a80-14edebf89ec1','6ea17cee-e266-4441-9552-408f976b2166',1,'fb2b2e63-ebff-4ed3-a15b-fda45e3452a4','2022-11-09 17:41:37','222222222222',0,0,0),
('48b70cbb-04f3-4fcd-abb1-137349a85b9e',NULL,1,'fb2b2e63-ebff-4ed3-a15b-fda45e3452a4','2022-11-03 11:43:51','aaaaaaaaaaa',0,0,0),
('4b9093a5-9ef0-4310-b47a-58fc206be3d0',NULL,1,'fb2b2e63-ebff-4ed3-a15b-fda45e3452a4','2022-11-03 11:34:30',NULL,0,0,0),
('4c458ea4-8bb8-4b9b-952f-4e2fc57edde4','6ea17cee-e266-4441-9552-408f976b2166',0,'fb2b2e63-ebff-4ed3-a15b-fda45e3452a4','2022-11-09 20:00:12','5',0,0,0),
('682087d9-db21-4471-94d2-f91901a369ea','6ea17cee-e266-4441-9552-408f976b2166',0,'fb2b2e63-ebff-4ed3-a15b-fda45e3452a4','2022-11-09 20:39:45','www',0,0,0),
('6bcca822-ba55-4dc9-b481-46c4f1c97577',NULL,0,'fb2b2e63-ebff-4ed3-a15b-fda45e3452a4','2022-10-29 19:39:11','Привіт, тест тест відро кружка, во пваоп овіапоіво пвіоап віо поваі опвіо пві  авооіпв пвіпв ва пвпі<div>33333333333</div>',1,0,0),
('6cf759c9-1623-42d6-8fde-fd9d1fa1c43c','6ea17cee-e266-4441-9552-408f976b2166',1,'fb2b2e63-ebff-4ed3-a15b-fda45e3452a4','2022-11-09 17:43:54','333333333333',0,0,0),
('6d86830a-b0eb-4d15-a297-6943cb2aab8e',NULL,0,'a0e6f4c0-23b5-46aa-a935-571ffcb18ce7','2022-11-14 20:36:29','2',0,0,0),
('6de92ed7-d334-4684-a8e7-6756cb2e8bd5','6ea17cee-e266-4441-9552-408f976b2166',0,'fb2b2e63-ebff-4ed3-a15b-fda45e3452a4','2022-11-09 19:30:54','222222',0,1,0),
('6ea17cee-e266-4441-9552-408f976b2166',NULL,0,'fb2b2e63-ebff-4ed3-a15b-fda45e3452a4','2022-11-07 18:21:06','11111111111<div>asdasd as</div><div>&nbsp;sdg</div><div>&nbsp;sdgdfg sfgdsgs</div>',1,0,9),
('8a57985f-1640-495c-b2bb-59a061d51973',NULL,0,'fb2b2e63-ebff-4ed3-a15b-fda45e3452a4','2022-10-26 11:18:34','qqqqqqqqqqqqqqqqqqqqqqqqqqqqqq gggggggggggggggggg hhhhhhhhhhhhhhhhh ttttttttttttttttt qqqqqqqqqqqqq nnnnnnnnnnnnnnnnnnn',0,1,0),
('8ae09aa1-27f8-4d29-b3b3-98509ca203b7',NULL,1,'fb2b2e63-ebff-4ed3-a15b-fda45e3452a4','2022-09-29 19:03:34','dddd',0,0,0),
('93e67b10-d525-4951-b0b7-fdd0f2bb9c06',NULL,0,'fb2b2e63-ebff-4ed3-a15b-fda45e3452a4','2022-10-29 19:39:35','Тест скрол для контейнера<div>11111111111</div><div>22222222222</div><div>33333333333</div>',0,0,1),
('9ac5c8e9-3e64-4e65-b492-2ef90402a936',NULL,0,'a0e6f4c0-23b5-46aa-a935-571ffcb18ce7','2022-11-10 12:17:29','Second comment',1,1,0),
('a5865643-caaa-49b8-a1c5-9184635e3b19',NULL,0,'a0e6f4c0-23b5-46aa-a935-571ffcb18ce7','2022-11-14 20:36:26','1',0,0,0),
('aaebdc0c-cdef-46af-95b1-5e7ef9a1673a','93e67b10-d525-4951-b0b7-fdd0f2bb9c06',0,'fb2b2e63-ebff-4ed3-a15b-fda45e3452a4','2022-11-09 18:26:48','22222222222',0,0,0),
('af51354a-5497-4c08-b2cd-e70d34cd04f4',NULL,0,'a0e6f4c0-23b5-46aa-a935-571ffcb18ce7','2022-11-10 12:17:34','222222222',2,0,0),
('bef109a9-7d44-4c68-a255-3050481685a4','6ea17cee-e266-4441-9552-408f976b2166',0,'fb2b2e63-ebff-4ed3-a15b-fda45e3452a4','2022-11-09 19:55:02','3',0,0,0),
('c80bfd8f-45a7-446d-b041-a946ffef81ee','6ea17cee-e266-4441-9552-408f976b2166',0,'fb2b2e63-ebff-4ed3-a15b-fda45e3452a4','2022-11-09 18:28:25','5555555555',1,0,0),
('cc679fca-2bc4-4502-b2ef-a4cae99bf7fd',NULL,1,'fb2b2e63-ebff-4ed3-a15b-fda45e3452a4','2022-11-03 08:46:48',NULL,0,0,0),
('d61062cc-a0d6-4231-81d8-a661d4e88b1c','6ea17cee-e266-4441-9552-408f976b2166',0,'a0e6f4c0-23b5-46aa-a935-571ffcb18ce7','2022-11-11 12:50:57','1111111',0,0,0),
('d7f73b3f-28cb-4b81-b9ef-c881656050df',NULL,1,'fb2b2e63-ebff-4ed3-a15b-fda45e3452a4','2022-11-03 11:45:32','aaaaaaaaaaaaaa',0,1,0),
('e0b60412-23fc-44f2-a71a-29491f431829',NULL,1,'fb2b2e63-ebff-4ed3-a15b-fda45e3452a4','2022-11-03 11:46:20','11111111111111111',1,0,0),
('e1b5d420-fd64-4a75-8f12-d05172c23a37','40bd4fdb-a8ca-46e2-8143-9db8373f98f7',0,'fb2b2e63-ebff-4ed3-a15b-fda45e3452a4','2022-11-07 20:22:38','333333333333',1,0,0),
('efdb112c-f2fd-4fd0-b876-8130bcc6b5dd',NULL,0,'fb2b2e63-ebff-4ed3-a15b-fda45e3452a4','2022-10-29 17:26:11','rcf fgsdg54646e464',0,0,0),
('f7cabf5c-bbac-4fa4-88b7-51a47b3c3397',NULL,0,'a0e6f4c0-23b5-46aa-a935-571ffcb18ce7','2022-11-14 20:36:31','3',0,0,0),
('fb9a45b3-681e-4c8b-8a52-9b26c6b4e23c',NULL,1,'fb2b2e63-ebff-4ed3-a15b-fda45e3452a4','2022-11-03 11:30:48',NULL,0,0,0),
('fdb49c02-9d0b-4e9d-98d6-abf6f2ec7448',NULL,0,'fb2b2e63-ebff-4ed3-a15b-fda45e3452a4','2022-10-18 10:08:34','Long comments s fdsdfdhfkdhfkjhldshgk  dfg dfh d gdfh hkhkhslfajl fhsdklfhksdfds',0,0,0),
('ff69d1f6-4d3a-4b22-bc42-9830381b2f7e',NULL,0,'fb2b2e63-ebff-4ed3-a15b-fda45e3452a4','2022-11-06 16:36:41','000000000000<div>000000000000</div><div>000000000000</div>',1,0,1);
/*!40000 ALTER TABLE `comments` ENABLE KEYS */;
UNLOCK TABLES;

--
-- Table structure for table `comments_likes`
--

DROP TABLE IF EXISTS `comments_likes`;
/*!40101 SET @saved_cs_client     = @@character_set_client */;
/*!40101 SET character_set_client = utf8 */;
CREATE TABLE `comments_likes` (
  `comment_like_id` varchar(36) NOT NULL,
  `user_id` varchar(36) NOT NULL,
  `comment_id` varchar(36) NOT NULL,
  `write_date` datetime NOT NULL,
  `is_like` smallint(6) DEFAULT 0,
  `is_dislike` smallint(6) DEFAULT 0,
  PRIMARY KEY (`comment_like_id`),
  KEY `comments_likes_comment_id_ref` (`comment_id`),
  KEY `comments_likes_user_id_ref` (`user_id`),
  CONSTRAINT `comments_likes_comment_id_ref` FOREIGN KEY (`comment_id`) REFERENCES `comments` (`comment_id`),
  CONSTRAINT `comments_likes_user_id_ref` FOREIGN KEY (`user_id`) REFERENCES `users` (`user_id`)
) ENGINE=InnoDB DEFAULT CHARSET=utf8mb4 COLLATE=utf8mb4_general_ci;
/*!40101 SET character_set_client = @saved_cs_client */;

--
-- Dumping data for table `comments_likes`
--

LOCK TABLES `comments_likes` WRITE;
/*!40000 ALTER TABLE `comments_likes` DISABLE KEYS */;
INSERT INTO `comments_likes` VALUES
('16fa6608-a114-40c5-bf15-5538ee1f0531','fb2b2e63-ebff-4ed3-a15b-fda45e3452a4','40bd4fdb-a8ca-46e2-8143-9db8373f98f7','2022-11-09 19:26:00',0,1),
('1d458887-bbd6-4089-a6a7-8794e1167c14','a0e6f4c0-23b5-46aa-a935-571ffcb18ce7','32929cb1-7225-489e-bbdf-e9c9da283e38','2022-11-11 10:18:26',0,1),
('2b773db4-774e-4f04-984a-6bc689808fe3','fb2b2e63-ebff-4ed3-a15b-fda45e3452a4','3729579c-291f-462f-913f-23f20e16cdfe','2022-11-03 18:51:24',1,0),
('2bc49f93-8a91-41bf-b355-b9d156f56ee3','fb2b2e63-ebff-4ed3-a15b-fda45e3452a4','e1b5d420-fd64-4a75-8f12-d05172c23a37','2022-11-08 12:36:17',1,0),
('387a7b35-b662-4fdf-9dcf-b272f105d811','fb2b2e63-ebff-4ed3-a15b-fda45e3452a4','013c713b-2577-45f1-ba57-0878a7748256','2022-10-31 18:42:21',0,1),
('494bdd03-6a83-4e97-bb12-d49b58dfdefb','fb2b2e63-ebff-4ed3-a15b-fda45e3452a4','6de92ed7-d334-4684-a8e7-6756cb2e8bd5','2022-11-09 21:30:58',0,1),
('49829229-31ce-42be-b5be-288aa8a7d399','fb2b2e63-ebff-4ed3-a15b-fda45e3452a4','c80bfd8f-45a7-446d-b041-a946ffef81ee','2022-11-09 20:29:51',1,0),
('4bbdc9cd-5725-4c74-ace2-a9d691143387','fb2b2e63-ebff-4ed3-a15b-fda45e3452a4','31ba5125-0a31-4195-92fc-487590288996','2022-10-31 18:42:22',1,0),
('6f3112f3-cfbb-4cb4-8f53-63111b3f398f','fb2b2e63-ebff-4ed3-a15b-fda45e3452a4','8ae09aa1-27f8-4d29-b3b3-98509ca203b7','2022-10-31 18:42:08',0,0),
('921a6a63-4f80-4561-86e9-3c86a3c2a6ad','fb2b2e63-ebff-4ed3-a15b-fda45e3452a4','9ac5c8e9-3e64-4e65-b492-2ef90402a936','2022-11-10 22:21:41',0,1),
('951f6538-b8eb-422c-9eb0-77b3ad5960b1','fb2b2e63-ebff-4ed3-a15b-fda45e3452a4','377c0c45-091b-4f5b-8fe8-49471a7cf458','2022-11-06 21:39:33',1,0),
('a070fd31-74b5-4757-a769-4b2f9cbf2492','fb2b2e63-ebff-4ed3-a15b-fda45e3452a4','32929cb1-7225-489e-bbdf-e9c9da283e38','2022-10-31 18:42:22',0,1),
('a4cdebd4-97de-499c-8b4d-889cd82b7822','fb2b2e63-ebff-4ed3-a15b-fda45e3452a4','6ea17cee-e266-4441-9552-408f976b2166','2022-11-09 19:25:58',1,0),
('a58add73-35ac-476c-a3f1-b5e933278568','a0e6f4c0-23b5-46aa-a935-571ffcb18ce7','9ac5c8e9-3e64-4e65-b492-2ef90402a936','2022-11-10 14:17:39',1,0),
('a5aa9860-d0f9-4796-a69d-c0f2b242cb78','a0e6f4c0-23b5-46aa-a935-571ffcb18ce7','af51354a-5497-4c08-b2cd-e70d34cd04f4','2022-11-10 14:17:37',1,0),
('c0ffac30-07a4-49fd-afea-4a75437e2d6d','fb2b2e63-ebff-4ed3-a15b-fda45e3452a4','6bcca822-ba55-4dc9-b481-46c4f1c97577','2022-10-31 18:42:24',1,0),
('c1ea95d3-dfbe-45e8-a159-94f564f5a8e6','fb2b2e63-ebff-4ed3-a15b-fda45e3452a4','e0b60412-23fc-44f2-a71a-29491f431829','2022-11-04 12:25:47',1,0),
('c4e2df4c-17b8-4f61-8b0f-7a31f2a1ddfc','fb2b2e63-ebff-4ed3-a15b-fda45e3452a4','d7f73b3f-28cb-4b81-b9ef-c881656050df','2022-11-04 12:25:58',0,1),
('da014579-b541-4ed1-9512-d7f5011f755c','fb2b2e63-ebff-4ed3-a15b-fda45e3452a4','11c09626-9963-4f26-a239-0b8c4d47c8b8','2022-11-07 18:38:49',1,0),
('da1c38e6-5c32-4c06-a8c0-64914de098ea','fb2b2e63-ebff-4ed3-a15b-fda45e3452a4','ff69d1f6-4d3a-4b22-bc42-9830381b2f7e','2022-11-09 19:32:44',1,0),
('dbed168b-48e7-4418-aed7-5697c0e97a73','fb2b2e63-ebff-4ed3-a15b-fda45e3452a4','8a57985f-1640-495c-b2bb-59a061d51973','2022-10-31 18:42:24',0,1),
('ef8b7785-01f5-4a22-a184-7982ead44299','fb2b2e63-ebff-4ed3-a15b-fda45e3452a4','af51354a-5497-4c08-b2cd-e70d34cd04f4','2022-11-10 22:21:45',1,0);
/*!40000 ALTER TABLE `comments_likes` ENABLE KEYS */;
UNLOCK TABLES;

--
-- Table structure for table `log_types`
--

DROP TABLE IF EXISTS `log_types`;
/*!40101 SET @saved_cs_client     = @@character_set_client */;
/*!40101 SET character_set_client = utf8 */;
CREATE TABLE `log_types` (
  `log_type_id` int(11) NOT NULL,
  `log_type_name` varchar(100) NOT NULL,
  PRIMARY KEY (`log_type_id`)
) ENGINE=InnoDB DEFAULT CHARSET=utf8mb4 COLLATE=utf8mb4_general_ci;
/*!40101 SET character_set_client = @saved_cs_client */;

--
-- Dumping data for table `log_types`
--

LOCK TABLES `log_types` WRITE;
/*!40000 ALTER TABLE `log_types` DISABLE KEYS */;
INSERT INTO `log_types` VALUES
(1,'User change email'),
(2,'User change password');
/*!40000 ALTER TABLE `log_types` ENABLE KEYS */;
UNLOCK TABLES;

--
-- Table structure for table `pictures`
--

DROP TABLE IF EXISTS `pictures`;
/*!40101 SET @saved_cs_client     = @@character_set_client */;
/*!40101 SET character_set_client = utf8 */;
CREATE TABLE `pictures` (
  `picture_id` varchar(36) NOT NULL,
  `name` varchar(30) DEFAULT NULL,
  `ext` varchar(5) DEFAULT NULL,
  `height` smallint(6) DEFAULT NULL,
  `width` smallint(6) DEFAULT NULL,
  `content` blob DEFAULT NULL,
  PRIMARY KEY (`picture_id`)
) ENGINE=InnoDB DEFAULT CHARSET=utf8mb4 COLLATE=utf8mb4_general_ci;
/*!40101 SET character_set_client = @saved_cs_client */;

--
-- Dumping data for table `pictures`
--

LOCK TABLES `pictures` WRITE;
/*!40000 ALTER TABLE `pictures` DISABLE KEYS */;
INSERT INTO `pictures` VALUES
('50c3fc22-3daa-457a-a252-644353bff20f','avatar','png',128,128,0x89504E470D0A1A0A0000000D4948445200000080000000800806000000C33E61CB000000017352474200AECE1CE90000200049444154785E84BD59AC6DDB761DD4C698F59CABD8FB9C5BDFFBDE73F15E5C812D479840641C91281644513E10E22B4814827C440AE4831FE033FC005F11A0201C04089010A2107C042C2142208942123B76EC588EE43CBF77EB53ECB3F75E6BCD7ACE815AEB63AEB39FF3C1BD1A5AFB9CB3AB35471BBD68BDF53EDC3FFDE7BAB08680A1EF31F6035C00AAA2405994489C830F0E1E0E459AA34CA17F5F46601A177DEC9C43E23C8A0CC872204D019F00CE03E3040C23D08DC0B8D85A1D9016802F80530BBC39CF78B85C302C0BA675C11202E01D82F728AA12FB2AC54D36211DDF201BEEB1F31D9E570E876687DB66879BDD1EFBAAC6706971E9062CC1212D6A64458517AFEFF1D9D72FF0C5EBD7E810D085803949C05F36CF56ECF7398E07AE02C763817777A9BEF74DBE6A1DB205FB0CA8528F2C046458F59A8415C1A5F069099F55F0498169751882C79B4B87CF5FDDE18B577778F978C2ABC71EF7A715AB6BB0A0C6EA7708AEC69A6698916082C7101C1EDB1EA7EE018BEB51D45EAB6C12D44D8EA6CA90A71E79EA109611DDE582FE3C017302B766704B863079ACB303D604DEE5F0C8D05E469CCF175CBA166996D8CA5364798622CFB477EE0FFF7B7D0821A07F0280B22850E5053C3F210049F00240C1CDDD00304500C021E166450024FC1C6F00980800AED9D60680248F00E88087CB8AC7D600302E068040003887A2AA70A853DCE613B2F11EE9F880FD0680BAC1CD6E879BE6807D55616C3BB4DD803978A44585342FF1F2F5033EFDFA6B7C4E0084550018F9CB09000BF6BB0C877D8EC33E02609FE29D0D00C58A63B6609702759AD8E623FCFF00C0E1BE1DF0C5EB37F8F2EE5E00782D002CDAFC0506828500F029266700185787C77EC0B97BC0EA06148D475927287709EA3A435D6528B2E40A80BEBDA03B3D01C09C628D000804003278E45700B4DD05C91300E47926100800FFEC7FC8FD37000C5D0F848022CBB51C4FE312E056204F33144962009802966906FFF3F002409E39E4DC580F04E8DB004E9F80C519107AFECEFCFB040809D02F40C7BF9FEDE3719E31AF0BE63560092BCAA6C6B1019E57401306D468714806DC142B76458563DDE0D0E4D895C03A98C559F8ED7320C980AF5E00DFFBF235BEFFE2054ED388C77144CFDF2D4B90A50BCAD2A12A1D9ADAE3F6B6C27B871CEFD61ECF4AE0B68400400B506729726E3E0272AC48414B661620492BF8B4C0B438F42B709E16BC697BDC773D5E9D2E78F5D0E1CDE38261CEB5FA39C73867FADC09CE00103CDA71463F5DE0B205F53E43BD4F51EED22B00AA224399A7C04A0B701600D6D121CC09C294F0AF318FC03AD35EA7702145779970BE5CD076AD0090A41E694E4B9022CB2200FE853F1F425881AEEFD1771DC2BA224F3264698AB02E58E705615991A729B2243300CC0B9679B6FD751E5E00C8901134DE615956AD2C4F5154409A9B1BE807605A0C040B025647531F01322F18E74920E09AE61975D3E0F650E1DD9A9B41933CE398CD38A42BAA2CC7AECA7120384AC02DC0B242DFCFD155A5C0E75F03DFFDACC777BFFA12776D8BBBF6820BAD4C9A204916A4C98A345D51E40ECF9EEDF0C1B1C6BBBB1CCFAB04CFCA043739B0CF13343C7D0EC85C740304914FE0D31C499EC32539A665C5B006F4011803DD01702700B4B8BB9FD0F61E97DEE1C2D7CEE1324C18033005AFA58FD7015909EC6F4AEC8FA50050D529EAAA405339D4157F30D09E27B4A701F310B08C4E6BEA574CC38A85E772E5294CD0B5232E970BBABED5E6FBD41908328F344DCD02FCABFF49082B7FF1BE1300D6850F25419A24587922A709CBC287450024DAF4950F7159E01C01E0E0BD4396A54823AAF86FCBCA1356A2AA6BE4A5C730068CD388719A302D33267E7DC25F2AD52BFF3C2F3366BED20A2C0BEABAC6CDAEC4F33AC5B108DA9043B6A24956B9A4264FB5F9354F7C00025DA007744413E08B97C0F7BE58F1BD175FE3757BC1EBCB1917829AA721019665C43CD1EACDB8B939E0BD4383779A12CFCA1CCFCA0C37798A4391A12952141EC8B91090BA55318AE7F7C933F8D42B7E191963C023245CC0433BE3EEB1C3C3E3AC4D6F3B8773CBD867C1A91D14374CC161095EAE6B7113B202D84500E47582A24850961E4D0D2DFED7B540775EEDC4D3AA4E0E731F308E33D63920F014AC0E5D37E0D2B6E8FB0B9C0F7049D02B63341FF7D2FD99BFB0C804D0051004B6D97C4009669EC871C03CCF575070D357066BAB014020F00CFE6862128141810300FA9AA22C646EF8F95CF63D0984515FEC132E8F20C7614125FF4CAB5214059A32C32177D827409306EC52020028D202655AA24C19A06ABF75FAF5DEA38B79FD007C79077C79FF06F7438FFBB147CF9F53E6FA9DCEE7131EEEEF71B99CB1DB35B8AD6ADC96258E598E635EE0B628702C1988E62813A720982048B1624D56249947521008C00C8B5F64D588AE04B8F40BCE3C856DC0306618C6045DEF70BEAC380B00B4861ECBEAEC1523922CA0DA65A876B42EDC2C1E488FBAE6B2673DD0DD11B70B40EBCD579E7C2E7ECCFFE882FB0E68DB0BDAFE0C42730D13826CAFB96F3DEF7FFB3F1BAF318000B02EDA8024F1DAA46118304D8336977E4400088B16375A20F030F39270F16BED955167466B927AFB3CF0D4CD18FA0EC3206F1C01E4043A8288AEA42C72038EE20E87CA07546E45E9036A0FD40937BD44E672643E47EA3C526771052D0001C0F5D0027717E0AEEB705A269C9709234D6155A1284BBC7C7987CF3FFF022F5FBE465154386415F669895D52609FE4B82D77B8559CE1503116C881DCF65640F3B43CA5C51CAB9FB1125CCECBA2319319E705C3B06AE397C563596CF32EADAD99EE705598757D7509905740CEB846CF7A0283B0AA2E50D590E5E2D72DFC6BB9603B840202177F05EDEC0600A0ED4F98973EAE01CBCA434DA404B83FF74BED350DECC75EA75B00483D0601A0C7300FD7289241DD0A026046501EB8027E35106C8B0F892725F302005791A528F2140E01D33868B9B0D260EA4DA49E5FC3CF4F0D00F4AD7C83EB8A749D9133384540E93D9A2C4599D548902341AAA897717A4852AC5AC01283CCCB12B4F1E775D6220042B44A77772D5EBCB8C3EBBB073864C8438662C950840CE59AE1B638E2B649706880A600EA022898E22A08047C69292D41807451FCC3CDB01D802CE734054C13E3299A25601C81F602B49D6DE44A006C8B8F3381E200BA82950726F0E42E8AA7B22291F95ED68075757A6E5BC6A5A0DB8CA87E3E7F05A5E103ADCF05CBDA6BE3B956BDD27C00EE3FF8A5B32C004DFD300EFA615EE6DC2C0041710500E1BF0180A6C4D19CD85274E85678B7C2B900EF03D2C4E9F473F3F74D855D53214F13ACCB84304F570018100CBEA9524AA669A9328D79EC118651B9771A22008A1275B1830F8C8A990B2706009F6065ECC29FC1D724C59225185387765D7009337A069D790AEF0B9CCF231E1F3A3C9E7A8C63C0DA05A073F083D7BA296E70BB4B71DC59A0C9C547C007C7CC865C465619007C1190A44E0F9ECF735D190833860A58E68CC9B2BE6E9EA20FEF680D0D0002014F351F616A9B4F10ACFC7CFEAC75864B9C0E199FB365591E8E71484CB965F637ECF1EF9C7D4F590B3E6F8C58312284914750BFA3B0F2E7FFE2450098C611C334C8175BC498609C07F4438F711E2D7DC8132174D5FF0B02D1496B8099313DF1AAE5F8B15B05803C3300DC1CF7B839EC5032FF14FA169DFE046B4C372705977C8FB21A498291D6A76D31F69D7DCDBA204F3C9AAA4253EEE096487ECC7CBCA97CAF2D8FC0EF5156489B0AAE2ED085056D5830B880893C43C8741A8791F1CF8AF37940773F6262CE7E59B19C571C8A1BDC347B1CF7404D005440C67DA4EF7640520029B31CBA015A83FCED8367A634AFB3FCF23A332F373748D34DDFDCF73F0800BE3D01E0F75800B908C50A2B96C0C346A28C3B97C9E2C8EA1AB6DE9EFE08802D1D1730F4355C74DD96C10900BFF45F0ED1028C18E802C21AFDBDB90003C07005008336C50071E3E50AE29F190A71F31DAD0089938CE96182324B519519AA2297A95FE711EB3C69330908B25CEB34622173C49FEF9C2C013F662A1AF8209719CB3AC9B5D03D54598D750A988705CBB82275598C4613B8943E88444A83EAB043BAABD087C5965B312990CD10024D738679F1B206FDC384E171C6745E319E1634C901BB6AA78DAF0AA0E486F30070437818A3F99705C81705850C62C961D09532959DA715CBC4ECA9D4BE11100C7F0800617AB3000CE2786E9EC400CA6AE406C89130459EF4BDE9A2997AFA24BDB2AEB6B96F81A0CDBFEEB201E0EDE21ED15A39B8FFF6BF990D0083997B0280690D83B86126003A4C570B90EA9BD0E46F7100012010448BC08D3737B0DAE6930BC8484FDA690FCB24B33E0F3DEAB2906B68CA22FEDD10AD40D0FB21F7C04C820F765C46FD1E2B2D0B8345E6DEFD8C91D1743F23E389E083612612D7EEB8C7EEE688F2B8C3C0D38F0543586900B1AC2992A4429AD6F0AE1400BAC719FDC38C9EC4CDE382C235025A51D092418BB81400E867497C9501BE58E1B259CF8DC79CCF90279529EF382E9847D2E9851601C0087E1816AC8BD3F70A8BC33C074CCBA80D2D48FD56666DF920088276E8D10DBDAC80CF322469210ADA93F3889FB70180AE83A0512CB005E9FCD5E8C1A3C590EBE0A7FCCFFF9DF61F434F005816407F43948DD32050F09541085D00D3BCDFBBF91B0068D61D16F97F82C0CC3FCD399FDA84B0304F1DB04C0396A1C7AE2E71DC3568AA1253DF61E21BA4935CE9165694798EA22A9096198665C4B08E4AB7E84E53A498FA09C3A5D76BEE323B19CC38188C250EFBC31EBBDB03EAC30E930B98B93C53353A9F5C9B9F650D125FA1EB168C17603C03FD69C57062F059234B7245DEAC71F0D5D260C88A8000C8035CBE62494699663E776E3FEB2B9645CD9886A0CD4F5C81754E308D74B904008D9C1310A669D173A68F2FCA0C7949409BB9DF0070E909808034CF4575AB169192918C9B2DF7BCF9FD6801A23BD86205028CEF43F51A7ED9FFFE3F1900F8003A6EC23299A9704C632C069005207DC818806F72730132FF16A56EFE9FC11C4FBBF7ABCCBDACB1A88139FA716EB01C23EAA2C0BE2EE51AA69EBEBEC73C8D080BCDFE62EC6391C21509B8F55C935BB010602450FA095337621E66E43E956520D1A113181654758566DFA0DCD351DB2FE3F3044991234B1B3857C2B90208395646E97381B54F31760E53EBE1679AED18523F89EE79C20480CC56C8564CA1C71CE8F7E9AB57BD0EA49E8709DCD7C4E502005606B73CF1746F2E02801661D2B3E6E1B2A20D8F6A50A6C5D3DCF17B4D0CE41C326631798D2427155DC06724D36C5309807106C8D4F3E32D2BD862343E1F06ABE479F496FED22F87C037D4B65CB6D9F645CC0C2C2EE0A690E9CB68CA6901188CACF690B514F8D16CC7CD2700F4DC2C16B0C5E291FD7BA2E5501619AA9275871443D7891F20E7409A992B653A9A7984DC61E6C627F4DF33F8BF5B56ACE384A51FB18EB3EA140C1EF9B36659991105F9F3AAD04ACB1C7991A120E09A1A4D7D1071B0CC34C31E5952224F6AF835C7327AAC4382C0220B034D056266AED7A07C058B5B946E928058FC8A7E1ED0CD130652DA6BD0E2A6B574534340E20B2DA69BFC9EAC5A32950B04F2C2B47040DB5F302F9338156E6870166CF3D46F31001F6C5E96C8CB1A695E21CD4AAD24CBC1421C7F375660FB915F173392C8DB70AFB8AF0CF20500C601FFE3FF190170012E9716D3345E2344B276CC0EF86AA95986841134E954B35F5021217083494A6C1B6F1FD39CCF33833BA61F76AA9922F27B3043105944D6D13BCCA265277D5F4BA3E84A186A03210D58120280A77FD1C34FE82696196E9EC51594895750494B33316EE93B1D7A06A23C51796EF104C1503325ADF7F08E80617CEE51E465E4160A84C503F35B468929D71A12DB7C3276A46E45B97BA59E8B77E8C609976946A79A8015B7CEC3847337A2E31F18A3B09444D02D5EC40F1D4370FC9E0E6D3FA11B5A05BAAA65E834731319FC5A46418A9C2E21A705930B6020C865314192F2FB3BF423ADC9A48F792C198FE87F6519A4ED59B789C5A0FFFAFF662D809B1F70399F318D533CBDCE4E22376559CC1F678CE2BD8A43DC4C1E097D316BE45B5D40D1254FBF690CBAB655314260600E442E5D44131FE87A35D75B142B2A983E9C4013E1B262F11342BA624D17AC2989A74574ACAA732AD08448D532C91F31B5678CDD058EEE4C71098B59464AD1EAD455A95472E31B58E99406222FE5F31D73ECE0913806AF99A2BDC03433A458431AB9FB040B4FB34F69B4D18E0BCED38A7606BAE0D1AD0EF7DD8487967CFC88654DB08404F3EA659EA795E69D763BC5EA120C13AB81F4F104808323E803377D120F20ABCBC3467E254BB5D9CE250291737C9E8C5572FD6E9DC0C450978E3E8A33620A9030B02E4A1474ADB4D2FFE95F35009C2F332EA7336601C0441EF4C5AC069291A03EA0CA0A649EA6D12A84D126EADFF9F964F2E433853B87F672C1E974C2F97C16C7C02087A75B358334C114531B1687544BD01B635063FFCE406AC184D98DF2B3E04A172D9665CB045A955E9D3E76F388E9F288F17242183B2A57947964B406DEA1CC12D4450E9657EB32475DDA6B55A42873D2CFA92C125D143F4E75B26A80FEDBF184316D4C31AD19F85B2C28B1841CDDE0709A81CBE2700909DA35C15D37E1EEDCE3F132A85C3C6A998F1E788892142E3506937F1E9741A79E9BCF7D9B83653EB48EA6BE21E3CAF88AFE9E292CDD084F36AB7C1992A490ABEAFA59AE4755314FBE80D91B3FB6F7439D45C9D49500F8F7FF9F0880738BF67CC632CE487DA2A59FB95001E35017259ABC120068BF42642882F402AC90253A3162A4F84BF10DD114D10A0C03DAAE43DBB7AAF2295D4B7882B68492450FE6EFA9821E56D668EEACBAC707355BAA950784749668225D46646E468E198563CAB6A0742B125A99A105860EE93A210B0BD2B0AA9CAB15AB7A995F51E50E65EEF59A3268559A64190C5D95B88B7A87A23C0A043E6D001498E614E35C600E35D650630E15C629C7794D71A11287620C97E175B7E2F56594DA67581C06D602A2328A1B4E0995A38822CB3032B30893916A89D1EBC3DC63981817B16E62A936D36B45F191FD2108686F598ACFB24A96862E8720A0B50A8EF691F6D25C185347BA9082AA2C02E0DFF92B53206D49E9507BBEE8C4E7492A0188C41E9458B904BBA246C3408A6403234C5A7323F40C243A35C647CE33174160E9104BBD8FE7131E6509A6ABE48BAC0ED336B13B2AA0B02C3CE3D2775AFC3381CB0A595A50EAC540833EB107A60EC93AD80A2328B0CAC38C2CCC4897499BAF22124F3D19496E3E1F055D025DC3D2234B57946940CE07BE0E08549548A6C1073D63BF2F7138DC60B77F8EA2D8232FF611001EE39863592B01600915E6A542871C9D2BD1F9125D52E28E0068473CB4A362829EA21102813102499FA2802F0A191786DE3CB3CCA75404623167A2FB3C63182E08ACE48511AC19FA84CF9BF14BB0434A9A4971418340EB130140301004DC7C925D13C90B4F3550AD98482EE04FFFE5B34C40D775E8DB4E9B46E18701C0090064DA79FA6905327E51647D558E54346415B248DE090012264422829FFE781971BA10004C658C4B2794C5DAD1DC1358540ECD0C9C5A9CDB56964215C58C7938514EEC30981CE1971E6E1DB4915E20E069B7135F9083C02A00C83530030CD4F32D48198832D3593AE4E98222A50066419819A7B40201753ACE4DD8ED2817DB63B7BB459EEF90E78D02B9697218273289151058A4A765A83126B500D0BA022D0ADC8FC09B7EC5A99F1517F42BF57F7C4DD0F3E1E4155CE9110800D2C45CD7849AA9DF8AAEBF601CCEFA7D9CD40633BCE3623C4800D0620531AA595EE9B4F7C38A9E0CA90090E8752200164286D9428134656C03B83FF97FBCB25AC044868E47DB0090D1C7E8B761B46DF5772A85729F2175A97C3E7F5B0A10F86AC4A29523B918576C15426E2E1541DD40DD1F031B1ABA556F98F573BECE145390A55B180C91801A05908C6248660C443E37D10733E329B980519BEF0888406B30819EB9700185A77E6F562591CBCF133CF90CF20B0C20FD8892B5F73CA0CCC850B6B602B78699D0809CFF56E4C829FC24D1C46090D9C0CC3C3E877724917648B9923DD6FC20003C4C5EEBB4A4B82C09DAC5A377290664181C57AAB56439D69CC5296088CA283E723E522EBAF161644ADCCA4AD162258E3C8A2941989032C825C34AC1283796006005929540CB5A18B4A6584879F3772771E118401A4FECFEF82F7FA63A82D820BA1E893C53C5000B796CAA4C26EAE06807120180B5F822D62B0980557180A51C56A9B0D3AF60852C15B32A499E6C3110A22FD49FB9E961C5B0CC12854E4A7756912A8C13544AE6379B2638E6F6CE615F16D85504E10C17462D9A70CFB88061590C0E41DFA96A6217F9D75E56A04E9D36BE29021AEA02C9E6AD3CFD2D103A389D4F2E5A039A39169DF83E8DBFC7C200394796EC91670714E91E657E0B5FDFA20D055EB72B5EB50B3A94187C85212930FA02637CD59F935C55CA2903C63402C0CE943DA3B8684DF943EB82FA45D20E64532F58A71E3E4CF081DAE245318C73A922FF657158D62D75A50B20E47304C72C21B514546928E07EF1AF7CC933AB6892A7DF51061E03BA655AC4B22D234F9FD722E75E660400EB95F6408C5F50AD32E69DF6CDAF0060DC184D9B6DBABD4181826F38FE590A99CD3A905B200058D421233ACCF0C3A492CA212F248FA21904373F0C3A157E656018B303A652F3609900AB2F432720E47C9899439D13D4031274A041CEDC80C40F4893D1563AC23B3E64CA6C58C55BB14ECC8AC80A518C9921F53572DF204F7628B2035C71831E15EE07A7D5396E7E2D000CBEC49070157AED532E8F81BA85B86409650D9FC403526503556E8B895F98CF58A74E1690BA62C6400486D242997C0380AC9502C002C19508BEB43F472B2D00FCB1BF762F0B4029184FB22AB9FADF635621631608941BAF8C96192096C865018C1DB3AFD90A4556D5920BB034570102DD80CCDB13132717104D1F41C0671B3DCADBD2A8074AC6183D4100542B70C8A13466E3E5ADB43DC1D105D0EFA74CF73C9C1A18CC0A10040443460A5AFFBE62EAEF315C5E63EE1F50E52BCA826B4155D0F493CA2608666D00B509AC608689F1C2221D7E1272A42890BA02B9AF10D21D0657A35B33B46B8EC19905E87C819E9B1E41A08F934A816297009DB7C5CD37B7185714D850ED44D9DB558D44B330B5EC28D0E61304A9C2486E3A95470480822C6999574699BE9282857116D7B550F8CFFD5F220CA55E610D5B1BAA3AA2D3E65368388B582603C8603D4596B29092EBF3C436D175B080148B219BD4C9A4622672D09B8AC1DFA61CA0844B0514BE79E22856B1B612288143BA9D00E0E61304B406D4EA5332C57D979A46EFC03210D6EBCB9C25E32D58E5C3324B400B9084D902C36CC5E5F1151EEFBE42FBF81A4D459D81AD5AAF0E59322371A47978EA08260A59A8BF669AB3C2AF0EC9EAB552BA095F60F62566BEBA1293CB31A05056D07B7BD5E94F2AF40A182BB4CA1A3C5A7AB99801F0B96CEA66D2BBDC788280CB6F0F6F2605349A150B13123083F1E206F44CA40D3400F0F43BD2D0F179F3995FAB81FFCC7FDF4A6340003047E76692596204476937B5632A5CC86C50F244B51049073E16FB61FC37FE1D379B1BB101403F68A3353754477CA95011492ABECAF86C0088AF3CE1423F195016CA06FB98A250A684B228D16A288BA081E3E92E9CF25CFD47B7C632F2D869D1A453D6952794545F307527CCE305B95F91492A4E7FBAC8A47A471F4B133B2BB620E797B905B9B20CA7CC828BB4B497129A71BA3183B3B3A08B510903439E7EB300D12DA43B74B416BE46EBD8F190CB15D20248D81ACBB70400492C0AAEA2E8EAFA9AF2A7396E3E81400BF0B6B6406BCEFD521A1854B716BB6A629208005A825FF88FEE45124B8E4DD346F34FCDBB27E7CD13B69A062D967BC85D8BB4A1F64E1B45CAD249124ED1288D073765626048195364238DD68DE5D25859DBEAD3E2BD2300F43D557C516A21C55FB150A6B568E50B45A219A975590D4AB127FE8E7A63A6D42DCA441662B3738EFF4E004C54164DC8126612642F29241145A2AE8A40266EEEB14CF6B96CC3720B4FD8803A0DA8D28026079ADC639733215C947AA68CCA27D6517888F84C8CDFE77319999783314085DE5718930A63DA604C8FE87C83CEEDD0A1C1856964C84417CB5AF2FDC4D22D01B0E587D6A96515561E8ECC4D020101C0C89E0778598216E33A2B3C31F2B70CC12ABD563954ACFE8FFDBB5FCB856E16802793342303309DF0A7E40441B0290A12521211003C0DAC51D3EE7AA72609067324774CBD62E69FA6C694B3A66B33B761BA361246E4BAC9792B1E61C9986F9099F7E2918C2BFCB80A00051D4366981F99412830A7090E02615679296B159746D7200DC24CEE6044423EDD41B430D54A2C22E9DF29811F3A8C2A4DB75859C79D3B244B8B1DFB113276240187D2E15002A51FB9B5C80329E7938A5E74A3E45544D1B2DD8D0D1A28D0CB0A54187C8D296D302447F49E69E31EBDDBA3C50EE35A620E0556477B1395C7E4307860C4101923CCB04A2E41FF160402BA00466E4AE6582955730E0B723C4CB4D6A4C14867BF15EF8A08FAF17FEDFBB200942F71F1E798C88034A2539EAE5C9D65607E9C1808A8BD13009C092CB8F9AC537337B7BAF85B00984A86FF1B044C36B135954863A02AA049A9587C2200E4026801E86367209D807C25AB9761257DCA648D198473985994A1B511009CB47A6A9089D10E833802806C1A01C003C062509992F4626FDDA446188280C294B9B79272185B24F3095532A14A4634E98C7DB1609F3398EC51F91E9523EDFC288691F2352A3F297E610D82CD1F5D28D03316700506472BD0607004C011833720F4386012ADCC1E42BED295D87F32FF31C1E6EFBD9D7E82401F8B20A2CADA2A7EA4E10D00D629441630047218B404990E9CC42DB4009FFC89BF7F258248D3CA0264F4E73417D6E562654FA7D73576EE1208060E2B8B66156BD40C34687298C7D30298B288AEC07A09ACBE6D828D4D386252EAADC44C7591C965CD05B0F52C63FAC90C6475F6B1A3F297840ADF3601E0ADEB973E8EAAA532475A12AC9B529627A147980780D536824F1DCF6CBACC05008950E8C7A5441EE362FF1D65422714AE07433A81804DA3D98426252046D40943BDD65231299F06FB590B8B4001FD9A32D1D4EB405FEF6937F698FC01A33FD8ABDB63C60E4BA80D08AB2D71FD512C7A65CCE3E9DF126F2FFA9A5C08ABB3416E801F4B984ADDE4CCE090C523CAF25935640C17E562DFF8A3DFBD8A42C9BED1A7D3FCB3304387F174E3B9F91B00023775EB4A6079B72AD5CE4D6EDF00108B3E5418CBC7DBE93741A98949ECCBAD398464826901DE6A0CD471E41364AC345A1B6C963A00002000494441547D0469AC4D2C5986C9796D3E3B7E67464B3A0E6A1B9260537ED4582E6D867AA936EE9A8497B3A29758CD1884C86F321B221868CEE71E7EBE200D3DD2B543EE06946EB4939F0C68120345E93AE49E21204F2399C9515435DF37DDC0401A78B546D08140589925EC30A1D1EBEC7658DD1E0B76984383796D3009043CB93C48DC3493865B4B9E653DA6C718458F5B89DEEA03C6D12CAAD950F4422512014036334DA8888A31C00FFFC29781BF243B8058B593EF8E1D1E6A7312556B9B6D9B1F9D8809006CF194D795D4362CE3CA05100092975BA7D05BF36F0030FD60EC2C62712102C4D2109331503042224895C9289F556D82016A9663A274DC27987C22001094A6028972AD0D004A9DF824D43EFB56411F390C13DAC704795356EACF7C903CD51DFCCA588005289A7BF209176D7AE90603831F502433F2644691DAABA5662AF05A1998ECDECC2A1FBBA2334C6B818985A45061F50D5677D05AC20E0B2DC442201420D96B691C63AC98C7933360C037CF6AF4D07BA3E5940F8851B6F4E40CF00C005AECA64A59398C2EE047FFC09DF5067656B6251DCB4DBFFAFFAD3A75DDFCDF0B0046248984F3795DC16754BB50C9620060542EB52C4F3D9B2A15039894CC00604B9025FBB7A98A62BF211B49A815B0B8C0BE86A5505A80394D3125B6E80224D1924C2BBEC653628441AC5089CB8D6DC45B4F967AD6A397DDD82B85C99131E1695E5AB8B9839B2FC074819F4EC803E37B12BE1D6A0684E984329B51E7249356E47E50F18A47768E81F148E187143B1EE39C625A324C2C06F80610008E5870C0CA9860DD616660A8A6974A4C9E9A5F2256D969CD061B890ED5256AB59CABFE7B0300532406487C40CE5AEE38CC4341E08FFC230F7201B4003DFB009F58800D04E606DE5A80CD12A8354C8D0A4E3C65CA18206389820311A2BC5C7DE9B1619400A0CE4D6544AB6D9B1B30DDA0842491A4906C8CF2EF9C22112A694C19C3009271C62C001808E624C3440EE269A4F4240330062AC61551CA76655A4454449AF2AAA2DC9A28DEA6928AC079CA6646FC67B8F1846CB9205D2EC8D716252D80EF512403CA8C85A611653A6812091550A66F626A468DE088717471794C138F75114F3E2DC0112B8E98C3013303428A4E5C257269F185B9360EE0900588E0A665DB48994D05641D25C63051E2464BC0F6B758591500DEFFF1174F1A434655E51403D0EC2AF8B34647E6FF9ADC11A77708855B4722DF1C478470C93598A894E638A10A97FD7891C5B85A0101C0365CADCB31C7E19FE932183CB23D8C72742A85282763FBB8D4AD0C3453B3024B9A6A11001BC9113D7F2482D41BF5833D58D14CFAAC94448C7A7F7A089A6951FDDB37880F5ADF3AB641621EB08E149CD00AB448A84B983BE4E4035C872CE99027D41A0CA88A490D25554E5746DD01FD3303CC01F3B862EC178CC38CB1673592E933DD01CDBF5900BA81857102330794181D19C61A0B154AB1255DE9B2DA82630B91D28648BEF07DCBEF4410F03530EDB58E6D89429B9FF834B6864D2A090BA891E8618ECE6F4620302E2028785ACC4544B2663B59742AE46125EC884F6C936147001004B41AB410567A34005C011301418B410050FB96172613233144E10AFF9705605C91A5EAF55F53FBF395E0BEB6CA6E5D97161CA9B4BD06789D1452C605AAB2D280081A066BD78E75F9D86D2C40AA5862452FD603D8D412D8AE360C70E3083F4D2A3279D7C1FB0E49D221F11DCA72415D5AD5B1CA38D482C558D322B09E30F723A67ED0EB3ACD18A65C91FFE2F6581D6709EDB1243B4C49839185255F614E1A2C59633C086337754D59A7AFC500060006B8619E118605810A94B8923541F91400EEA7BEABE4D17C8955BE345F45D39E8C8F3466705B5B8F11FD9AC9B7F583D53D1153B1CD9D6E2DE51B0068FED5DC68BD83DAF8CD6FEB883D4976E90298D3E7998060B1594C19199826411BBF664EAF747126488844B8B5DC6C8D75F0D4392C0129D54BA44957D6D7596E666D83B57EBA10AFEFC5BE42C611749D8AA76253275BD02873E3A62DED0437CE7024A8A6806C25A135C0F916C1B580BB202F6654C58C269BB1CB6D3173C8D089420EECC41A4851F395F2AF04D3CA8A1D03C206A0C6203B60CEF798B21DE6748F39DF61C9771CBE007672F6EB1217ADC8A24C29A39E916A01C9E627847E46902489CD2E096A6A3B6210E0F0D37FDFD8035598A2F163B4B98DFB8AE684DC3F0B419222492D4B891165E35625B3B1135B66C0CDB071249CA2A1B840845190C6CF744CE433B7808D5FB7353DC6BF579728BF964246CA9ED91A4D10C6A2125FE9F7E32220E467990B1BFB7135FBE91C902FD0CAE68084C73C06A14A62481F90FBA052961D3945065726729BB2557C763D55CE33FA7E42DFCD08178A1A58C1F17063822C7054CCA8CD9F71C61A2EF0F988321FB1CB7A1C8B118762C43EEB51271D2ABFCA75B8A9055B92C270D2089D71CDB1728894ABE1B3034271C4526EEB06B33EDE4B4E46A560B72EE8D883C0C07B3289BC5265B2B8C388A51BB0B61342C73731235B3C1A5673D97E2F05F73F654CA0467A4545D095C0DFB4DAB1AAE3A906925824D5C818314D64D896452647831162F644536FAD5AE414C8246E0008FA5801DB56E2A2CE6C731B5BFC40409004172B693930537D1B5011E3196E7EEC1BA056503682003051A29A4778DAF3994524A742123F4E271226364E43FA3FD6CCC870E66C42618AE9B0E6E41798CEB27123C52819180336878541DB9002630E8C191CBBC2F8ED6C4A1B90F6B654C33EA3C6030ED91987B4C531BBE09077D8678B82C77CB540D28F0F52F14C2CDC24354252232D8E70D50DD6E619D6FA1996E616737583A9D8632D52B42B709A169CE7192732B99C3E3159F93AE1A0AD81966A44E826F89EB594156548B1CFA90A665714E5E77FE2A562007EB2467929B788B5DBADF4A869082631262151441F626483557198AB93035042A734901266FE00B1393AF9D204C4CDA72BE006B3558BAF720D32B9B412D1428844B2793EDB52812FA6B7DAFCB838A143721435C5CF02814E433CF906002700240280D1B66C6DB356F5154BCAD6718E925B30BAB808009228DC182E36048612586A60CE41851601C0949FC0540A4AC935A968700AC41BB8F91576FE118D7FC421BBE0B6A44558D0441AB9248B383DC86851B5A3D9836C4AADF6489B67C0FE39C2EE1DBD2ED511435E61C980C709B81FB866DC0F13BAB6C33250F06A4A6D9AFF455ABC09E914904C01B5CB715336A81B36C57AB8C3BF787F1D11C33E3B85C2CA8F9F2A3768D279FC18E5175204E59C23A81DA33567A70F9B139E9483D9B5C3B88C274BAC212D00638038CB871E83AD66B9D7B7B5CD7F228688E562F1D64F96EA2271D298BE26D6CEF97D7D14232A9EE1CF67BF027D3FC7DCB186403A99A5658A3AD86CA115797B92578E231466F4EB849EA359247F26E2F8CB7208409C0691D4707E07BF646CB5579AB5D8AC29915074DFE58EB2B701EBF01AE85F22758F28F1885DD6E1B69A7153AED8672376A4931917AC2721DB536F91F3F972C05683BCB941B27F0EB77B0EBF7F86B53C62240996DAE6DF75C0EB8EAF33CE6716B2087E16A260ADF33106C8E8FE16873A29705BEFD0100034D8EFFCA907F586B131712062260A0DD91340DD5B74820B3B65382330551F7E460BA0362C0B90E4CE6381812E601B7BB291522A18C589024A07E974496B2A46A09B782B183131880944A55C61A710E5E9D1576F719E5883186C6E9643A9648C011407B0DE20100019B352029559A48E2A0B269498CF7AA5B256A365D89700B69053AB18891525DE644E780838148055B54A7D848C65C9F548A7A92185018E235E4A9AF30E617A00E60714FE82C2B5A8D20E753AA049071CF219C772C63E9B50E01CB57D365083ADF539B3B1ACC09AEF30678CFE77CA00E6BCC19CED709A133CCE1E0FA39702990DBEEC3C66AFA36612D15D71A2EB4835B4819FA574CE58AC2A0E0205DC877FD60040228800603E6A9DAC6C91B2F12BA6DBF208B3E902B7CDB0D3612090BC7F6B9F8E9A33F110DB5C4096794D3E2C3349AE810CA134038CB8A3084475048D8A8B4A934D4840592AC5283159D8D84E0381651604806A0971A804237DC604B204FAB1D6F1C3579393B17E6FAD6FA49D0946553AA320C31A544C0C7A1D4116BB6D0808CE2632A9DCDB84836D6B2E250946C8B327B2850F171144453222F32C0BB5C8C3599B7F5B071CCB05956F91B3D125A1A48D9D4E017E9DACCB38A456505A531592023382E2061D2A5C4285CB5AE2B4E41818A3CCD404326D668C964AC1EC678A5620F0E72E4195E66FFB02DEFDB35F45173098F9583C525F20E5F081C0374810D828520280F9D696BA6F00786A01ACB01369F448ACB031C4AA80A49983F5BE91575071C388266E3CC5276AAFFE874DC875BC28AD102D42EC88B8B64C5D59C958755461E43A472DD61C544AB5DE4375393356E1EFC67E01B6843160DDAA8AF17722854B20DB7B8D79AA68623656B0398305161362A8CC4D9F4010F86D1C1B9B39480C597DC03BCAD85BA4CB030E1B002A034045A97A42D532D3C5057E3EAB61B69F1DDA21E032AE98188F640DA6EC565A820E3B6909CEA1C1B87060658E3950FDCBF9C5D6E8AA605881A101A050CB9B4D7C73D5BFFEDBD7184042746E32E79FD18EC51C8B00D0E64FB4063C3F9CCAA5FE653D14C6004C0F6373CFB502A7E921242AB4F15607D0C6C5E64F2395366DDF935E43B9166956FFE1E17FCCB76D505B247E36818999756D82EAA1911C89DA836B4263AD344F48A3E8C7447E45D28BD1B1267D185F60562EA27A93D3443913F91181585625FA036734B7CDE3230F3B6A326992B0D641C13E0B4B0FD8E54C0DA92F18512935B4EAE22EB15233330452946CE8B8741C36C929AA7453149BDEE012F63FB0C6B5C2144A4C20A3C84A2275739A88198B5D6C8DE3C4365A003281AC0DFDF3BFAD3171335BB138B8571D3D6CC161B41B0B087C956435B64C2BD28951DB56492347C0B8400F772BEE9869960A688BEC37B2879BBF2939558ADD66BD6E3CAC22C858D88892A2AD0A7295B5C6CDDB643F916F3748FD9E8D9630443F30BE6EBCC3C65D9825B23AEB462A6DFAE9273F6703C0353AE59C1E6F11B56784694398B8348DCB887878CF7677A9FED57D942E8F564ECE46D42901C0AA220140AE60C62E655C40112B45321EE74B8FF3850D33D41EA668C30E97B5C179A9F5DA618F31F629CEEC547235B0305B894D191BEB46922F67777011A9E03FF6BB02005BC3D0B1661E6795D1315F476F6EEC4B3C91DB40A6EDB944FA5179BF60F5F61F367C5C797A9B1C6194F2752F3641E0D6ADB02917B759262A3CBC3D85DAA0F8779BBFB96E7EDC3D016D1B90B37D6EFC81FA5E6422B77276EC61DB7EB7F8E3DF02290267B31C9A646A5336B665134F49535307413740104C083CF11C68A17E3AA556AADD27CB999D842634E188784765D1A0AA62934E689209B51B349F988C59D7F668DB4123676805DAA5C2792A719EB92A0CAC19046A0B3891BC510D014BA191F256DC9090CCD4B41CA72F1EC0C3DDFEE117EA0D64F7EED8F616B5A942134DFCB6839B1F142914A70D5D4D35BFC4F47F6602E2838E26DE285E9AC878CA748A98B533778E9F7FED56D824ABDB309B585B30998B6D9C1E4AFCBAED77786AA2AF93918C9C92898E165C052C99759ED62DBF34506E620BD528B63FEB2D99B578FA77DC700DB8D0E0E9C855D070669CB3386BEA373CDBBAAD25C6A6A9D84435AA92A833F42480E68B5E2934290241300A04B5637A3849C19CB095AC67903E62EC39B565C179CC711E339CC60C97293745916B305150E277AA27CCB400CC17D588697230B09054ED34424FEFF7833F78D2B0E896831C5A36483EE9EA7CB2C1D776123E054DF5B0F9BE2491F8BF0556910E96BE6233A5DBE98A1B713D95263ABDAECD6808240630F6B49B70943F610BAA08506B3C34A36044E6D54F3F0128A54F22929E8CB0178924F28AA7D4B40AFC196695CC55D9402532993CD56F2FC050D5524397F9A51BF7C1B27564CE49E2692D5A484659048587DB381D4D5361CBFA28FA77E51A4F48C3807CED50AC3D1BCA5081EE6046C5D22D5957F2FA1CB43D8C18BA11A721C1A9E7F2388F94A19BB2680281C00AE21EDD5222B0F74C23CD98BA72CE5D03540764758C01BEF9B3362C9A00E0D28898AB1F37B3FB76C40883183E107B68F2F051C963533D62C5307E6C27DC8A385641B442924E649C6AC4489A4F7903C2D3A36616839BC2CD9FB046DFAA285B6D509B3B8FFCB0EAF9114074611A9D62B3F4AE99493CFC56C032C9ED46609915889A04B660C77FD304D0EBB46D329C6685484F73122AFF9DAF9A1598CFF0F9049FCF488A59C323395F697315CC36A871A0C41C638BB92708680958562623C812F319E97446E926CD47CEA9B9E444763E0F8ED3E7E512BDC7A9031E3BE0DCB3E5BCC0B0D6E8D71A4368B42E6381CB984A77C0B90662320980F220CD641484CC8A010C00672B096F91F255CCBD4120CE048E726F1567E398972DA553E5F0DA37C0797C26F9B629423C65DB0967F4CCCDA104DDF4879B0DA606CE9C0841464288A63472AEF4AD0AB6A2E2F32ADD8A1315A524B5691856D5B42616354D9029D8C421248A04004EE9D87E5E9CC0114FBDE6EA674EDF6653C35B2C63A7DA46AEC519FC044BBEC6819104C18CBC06CA2A45C9923365E42550F17E830638D4F2041C73408901C218E0C633C2F088B57DC0DADE230F14A2CE1A55BFAF0A2D76FA8D1AB611C7CE5F669CDA551C403B1568E702DD5CA19B4B9C864C1682F714B0C8A4AC206980BC51E38C00F09D1F1FA5096C2F2D78B50867DB5D2D80F4FB56C3DF5ECD0290BCE109B49168D2F8E9D45B2AA509966966235E56B27A31AB93EB8ED1BDFCAF8D481108A26588353DD3B72BF6A24B625B102B8E13897C8066759B8E7805C0D3E988F1E2220180FDF0D6C564AD530C23A294E61A03441321A2CA984A6EAEEE4D1008ACB741D9DEE68E34B193E9AF59447E4E92B1318531C0A2C19145E55072D47CC5E9E706008E7CDFEDA101D4F4426C5DA4A28B6060C210860B96F61E737B8F2C0C281C01B0E258E73856B93A9896A1D510E896F46F3BA16D27DDC7D00E8C070A741108E73E0260A028B5949558FC0E0927BD6C92B01FFB766741202D40775189F71AB1C7B2ED53009885B591E8CA74A348C322EAB79B9F50ADB3B17B64D336105CFB92A22550EE6D12F42D9F36B7B12180D1342B6B2CE3C5E6000260D3EC5D83D4F8F904C4A688493201CC2C4014B3A8B8B30D30D862C927F3D663C0B78D30B77B10A21A3716ABCC9F6FD6D04825B9822CD8E67B0E77A6F90F366053933DF97B64C80BAFB1EFEC6E2600468995A91462073615C82D02A7554E2714DE08A12A5D516BB1BD63829B7B13B00CB365051A4639A31D337473817E2EB5DA31473BE5162406761ED55892039C6A39D120FFE40F5D7E1000D4466D13A8253E8C1620BEEAA4470B40CB61438CA32E50168012AE5C4BE1CE95E28D277AB30202C20FCE2E3500C45905DA581E579AFEDE8AF9AAE5DA620BFB368B4056439B1AD5BD9B3BD12C5D7BF08A3D3455CB583BB9A5A7D32CACA5E62D7F20B14AE4B76390686372B7E6FA486B47524BB3F7A4A1311E80E91F87651A95C1491DE68268ED38A5AB2C734DF1E6D87C8ED2A3063293AC7C1010126604EC46E21C837441462572A0F48C8368D8114C6696B26FCE6F602FC3847E4CD1CF0586A5C2B0947A2510BAB55670383243488E028054C134C63FFD8D936A01BC58884B9342F54B9B48C30010CBB45B3A14F5F722900800113D36334FFE5C7E9D5DA936078F7DAC9298C791919B99E76F60BC819D7EFBD8D8C1B7740D7D7E07A49C1832C4578E70D9927593C85E33812D9F238A25203117236553249618635C29A1F881CD4788B2EAEDA7479AFA2AC2DFC8A44D7276E51A4C196D7866452F0ECCD62BAD0C47C459CACBE793721A599E8986A6C5653D82EF9FD33FD4E2C52925CC0852A385EB842D682D8AD0A2245FE0474D496143AAE3D8FD7992B2A82300A6DC367FE62AD02F6C576F30E2A0669439B901B22343234B7C7EE61BF71A124522A8ED3BFB65D4D41937432020E3CB726E6C5B7E32E5EB0A00738626AB52D46F1B207A555522D3152A1BB0C4E80975C3C87B0382CD0894584120B4D6E0052D16D721380E8FB25EF8275DEE6F49BEEDEF236367E2D6C8DB6FD947FC9C8DC62598246ED1450C4FD9BF98C24666E3CA5C6DD62902F67A73436C91D7C02C65C4E4132464B752150140C6548DB49CD4C1015A7100A4026406019C23CFCB045AB992C29321244DDCA3E64A7A11451C8DA7F1379C2CCA4118432BA979CFAB69A6DC80207750A15DA82924008E98FD0D4276FBF6D2A89FFAD6D7CA02786154CB59BDD7316EC67CBC5501DBB459FE591BAAE6D0EDBA080B9C141768C2451C20C953C11488D22E3E1C960C6546DFA68FAADEA9466056477C42BCB2468DA34C97FC8879BD605A2F585962E5DCC06D53AEAFBF877750466843140582EBAB81917FA665607CC01ABC1A2929A210234D203C4931B7A691CDC5E887475AF069BBAD40C7BCDD269B98C3B90ED1B54034FE5C661F749D5BC5D1DE066BCA11006B677F96F0EB722D21B346606D690E058762ADA346E641D3C43825348DF713110819FAA93400E0A03527B708E98D74961A04F29D6F7D4F59001B435A2A54D97CA1F48CADDE510E4E11A6B8166B0C1500A8F2519DDFAC03FFAC1E401641D48F3499A48B4AE13C760865964FDB4D236F1B446C00E2966AD9A87A9567158D33DDE248294A206DF1635AAD8D8852C2182D86DC481C76BD51CEDB86BF75354632BD6DB9B479C03CA1E4DD39C357AF1A7E61E3613979C3AE7DD944085B5163AB8D5A6DC4EA8434E7D6CE66FC4324BCF4B159411B8E65CBD0CFC580979B6E052463113B209CE171510999D680166097061461D4CA97017EBC601E2959CB304E1C149561924B28D02D24898E18DD116BF20C2EE7D4B3A809FCD6B7AC18C40BA30480850FFC890F97F9B2567033EDD4F831BAB6C6502BF2C4EE20B664316D531F5E4F792AECBE35F579C367C69707E9F778EA6DF821A952DBE878F114EFB67B020056D13CCBA362D5D820D2EB02896D2AB898C8ADD57CEB9F53FF82757AD8C98B6E45973A51D4CA9A39F57EC65570636D1C6C82557D747136F09AE8635D2E715DA643D3666A160F6310AF89219E7A0A4DB37552E84A2C7205416C53A4E957E0BC29A923F1605F68857B7E2C00F066891330BD01A67B389C5529DC252BAA30A20A03CA30209D38E39183BD322C738A79CA304FA9DC41373798DD0D667F44489F23299FEB6A60B9DA8F7FF437940570A267DB732C297F2F8E176510C7D10904802E76D90200912BA600899690AF3CE90400FD987C1801A002349053FF17E0B3158EB214CEBCE39351C1C486326AF8E1F5E631E6D7967A6D4195CD0AA4EDA588A3B721D44F66E85A146E00B2FB0E2C6257CBB92CB6B908BB67C782430956B69B3A54DBE75891D846CDD93ABC55845A885533E1DFB6586B463CFF9ED622AE8543A9ECED93AED0EBEC4C2CA2CCC786E832C6A03EA2E7A85871C8ECA788D5D5AD68CFE728EE8AAAA60E581FB5F95A382165C9D84DA8992970AD3D8AB98DA29DFC0A045A04C604DD5463F137581C03C0E7C8AA7750561C7DE7E13EFE895F3749982C002352FEAE761BA6DDF1619326C5CE6D836BC86F0A0051C2BD01801B4DA28653BBF88B4B8222311A7CCA31E8CC8F19F19A79F3CC9749EB722C4B4A6AF5ADBA7CEB16520FA15B90A99DC9C6944E53A7B9C39CAC4DBD013F873D882263D854A2CB1D68764DECA1727474E916673030E486DAE6E9F472EAB62FE15D15EF11A01E8260C811C8A0894AB52581289FCB1247B2CD5E4092CBE695A17D40A0067FA68C2E8EDC8AC0E361637F6047210A33A53C4748D9E94C37CB93BF4D80E06FCCC3C48D7D549F016301F856D2326DFEDAA25A3B544B8B928525D6FE758F70A24592A9EB39C89AAD65472C9E29E03BC8EB777529A7E2A28F7EE6EFAA16D0B1395400E0C9E315B04F66CCD2A96ED316C8B10BB52C0A4968673A385DC4C013CE12688FD5F7D2C9FB8C1BCF4D1FE099C6B140A2060A9E7ACEBD8D2B0D9AEF6354409C27A26E208E489D353092A3DFF9F13832E2E5ED2674071C8BBE5CC7C21B756BF42C051914A36C57B8BC2522CD026C5DA49CAFA7A1D0BC428677062415120A3FB74D9765F84110F06B398D4BB77692D1A3166FE0CD632B9676C6D22E48174AD8D8A563F7223230A43FE03D0C2D85A9B4B4BA729D444DD07536BCD564A17B6516C6388A277B3E89034973CE371A90860E25D3C4A5D5C9E72B8190D045CDDC7C3685788C1D093EE032E458DC01B3DBC3E7CF5136EFA1691A7301EFFEFE5F8B37870E0200DF145B9179223862F42A85E203DBF8754D2E8A1A23FA6569E0A821E166DB382F970EF0196FC21CF57701D631635D338C6CCD0AD0FCD30AF05E1E5EF0A02A639C1120D1267DFD4A7A9A811EC5119C6432688AB6B1C966EEC7A9B7A1CA7ED5752B1C872E0E3F66275B35439640DEC0A27F05BC1AA84C6BC0C617D2A43BE4D94E93C157EAEAD60C69DA204B1AA459A3DB46B2B4B67841174AD87CBE6449E12687400B404BA0788E7D0A6CF0A6C7A47ACA24DB14B16F4333391C8AD7D12FDB9577A4AEB3545662E4BCA2F92C4EA0C838B58CE3715B64D30539C7DD0A009C4E48ED006F644B35C28E0AAEF634E2749AF0D892A33960F57BB8EC064971FBB62FE0E6E77EE5892A982A583A5EF6A297267356B35CB0B96C5C34FF1A2061A65BE20782401C7D0F9F7648F21E493E20C947A4C58824A5B97EC4BC3E60092775CDAC1A6AC0010AECA19F754B7653F31227065D362A46132E4494F0D28A51CC99FCBE7CFF2C656BDD94BA56E6EECD2B0C6F5E5A9FFCAE44DE94286BBB2082D3B1B7D134AA5CE8767266B2AC13D0F4A7A254FB81E1628EAA3AA22C0F1AADC24ADA3227A8CA23AAEA46ABA96FD1344738DE1A15C831F0B2ED1A555AA943C8D3F4D32DB433268E8AE7ADEC2C3E4D9C3E068DA549B20A1796752F9D5E79E57DC29BB6199CE95917EAF891AB6385D0738C3FF7A7C7CA5BC68733B2B94546102C3D1ACF21DFBC48939DAED4012638DD5F70F7C66E2F77E941AD6621E16BA3D94C0A8C9B3FF037A50718C7010BFBC778EAB70BF1084DCE7465CB2C09ECBA81E78048E5E7EAB0904F679EBEBA1EC19DE1D31669D9232B7AA4C580B4E891A4BC8AE60DC6F98D40B0E22455CC3C13DD0C720654FB52F7F7B24F4FB30034DF66B6DB3767B653F7EAAAB531E534E60BB27D83E3CD4E9BFCF2D5D7185E7D65A5B543856C5FA3AC32BB818B0088750DBA03DDC0C11E414ECAC80AB983F3A5D3DD819CA3D33437689A5B75EA98D4DA63B77B86FDEE39F6FB77703CBE8BE3E139525E1DCFAB6B9312757DC0BE3CA24E6BA42147C67B092F3386538BF1DCAAF76FE93920C6615FD5A8EA3D1E4F2DEEEE1EF1F8D8A284C816110000200049444154ACF7C89B3D3CEF43E484AB82A55DA7E9EA36DB88B1152D3467185DB0768FEA4C4E098275409D70422A87569A90D7AF091EEE1EF1EAD5235EDF8F70294F3F9B4E397482F71E98FACAF97FFCAF4A141AD41A66EDC3C86A5BBC19498D222BEB9A5A0480022952B36E40F0DC785E377741700F40F2089FB7488B561FBBE40CB81396708F657D00FC096936E8DAF679E67D441CD24CC0F0DA160E60661AC6FE3E9B4DB8E91136DE85FE9E15CBA09B982CB5E45D40EFBEF70CEFBCFB0CBB03EFD261C0E8F1EAEE6B7CF5F5177875F70A29AF5E65238AAE76337AD60423144624925BB1AA46D54C5DDFA0AE8F5700706E7555F2F41FF56FBB8616E00679C65BC72A64598DFDEE06075A866CC74B6891A140E14B943E57F4305F5ACC6D8B745DB1CB0B94C54E57C7B5ED88A15F50F012A8728785832439F39FD68703674421DBE00C562A2565E77B1F0982B380B0F694974D1A56A989CE8C6990E2FC70C69B3717BC7964CF22A7905458281A55666329B2C3CFFD6FC6C9AAA1927FC31B921BA4451323DBD85F5F94480A5E5044DFC9546B102DBBA2C51A78D70D1B22EF01FF08646724D9054B7803ACF70037DE110867201B90370155C57C9527BBD515EE8CF4356F9C39759C71C7372256904D12BC5CAA2272175CBA0BBAF6A4F9BFDAA51CF8FD7FE8E7F10B7FE8E7F18D6F7E8485D6651DF16BBFFEABF81BFFEF5FC7EFFEE6679CE62E3554C10152BAEADEAE5C214B48C3DFF3DA3CCE6E1100F6A8AA03C689C13183CEA04DE6B8F8A2E0DAA32C1B94FAB84155EDB0DFDFE276F71C757140EE2AADE787F7F0DEEDBB78BEDB613C9D303E9E904C33EA8C431A38C76E6B41A6E083EE35D5BD02BCF4FAE1C20BB28C397D22A1B0AD8ABAD3E1FC88EEF10EFDE9DE2A846C870BE450D8BC93A13BB778786CF178E1B43282C96E3A99D438B201E0E7FF57CB91B67E2B9AB4B24155EEEC3EBBD9B4F39411B3804186CE7AFB79D13437F98C65BD605E4F98B9D9EE113EBD684DCB1D30BEB6FC95C11F8B3AC58C7C9760B7AB0D009CCBC77E7B5D2A4519769C9248562D61F095222912544D8172C759B72BCEDD1997F68CA5BFD81CFA0CF883BFF847F0477FF18FE047BFFDC3D15804FCDA6FFD2AFEFADFF86BF8B55FFF3B6F6F3FD75D444C0C37F6CD065CDB258F0C48539455A30D9E66CEDD270038819433F6E3CAECB5286A94658DAA6AB0DF1F7168DE419D1D90BA1AA9ABF0E1BBDFC2B73EF8063EBA7D8EB5EFB0D2022C2B9A849769568ADA69AAD9EBC09BD049505198FD7006EECFBC19C5AE83BB4A1FB60056A3E180CBE382D3FD2B9C1FEEB08C6DBC909BB40265DF3946DDD432E2C29BCB56BBB286F706F0AA7A635201B7FBE37F29CE0AB691B089E7A54A0DEA6A17E94F9BE8B55D0B4FC7B12C9C2676C6B2F05A725BB40032F1EE84246B91A41DFAF125A6EE15301000FDB5AC5BEC5234756D4D0F7D6F5DADE24C630B9A66F333226790C6FE4187AC4E91D7BC5FC7AE52E17DC62C5CD19FD3B4FFE44FFD247EF2A77E1CDFFCD637F1FC9D5B3C7FE7195EBE7A81EF7FF67D7CF1E5E7389D4F385D1EF1787AC403D7E3831E80D44B8E0F86B1066970AF722D176B0236FD9329AAD5F419306EE212F64716BC80A9AC501108E50D72BF870F257CA8F10101F0D10FE19BEFBE8782B79F07A0F109F69C769ED71A74BE7280C3C8CBAF78FB176F1FC974FF1005DA9AF12B4A7EBB0A8EEA28F21D360BF9721AF0F0E6354E8F77769038199D5416AD655148A8C3C616661BC36257D9F1D2AA459554FBCF7DF0277F5900D01B65949A707376A819F01181B1B1C24C3423689E146A071F6CCD8F98E787E8021EE1DC0549D629F0EBFA17B89C5F02ED1BC50BCA8B38C8B94E0432DE50C61AC4CC9449BA4C6B4B6350C5CE240240D5C43CC0970E49494A99EDE5F455264C214028BA38DE1C71BC39E0C38F3EC4777EDFB7F1EDEF7C5B5A3CFA375E3BFBE967DFC7F73FFB149F7DF6293EFDFC537CF6F967D77B92D9D5CCEC82E216128669B476A619A0ECCD2EBAE21217A9E094173CB29193174AD0AD3013E0E637084B254DFE07EFFD307EE8E31FC60FBDFF016ECB4AEB86ABA8702876983BDE55DC636E39668E5685E40CAFA1A1AB63E460439E99443E9E3B2D8EA1AD9A3D9A3AC1E9D2E2FECD6B3C3CBC41CF6A2001C0CB32EA1C65CDBB04D978CBA03ED5F0AF51A3F863918C351D01E05FFA5FAEB78793A060874F5337D8D58DC0A0793DCABF79AF2FEFF6EBD0771C66708769BC8F2078E01D61C656B90BBC6FE1934EC018A747A531A27B4D502C350AAF7163B4CA53CFC11337C7E75A75758800A8D05F263C5ECE388D0F5892094BCADB437B744B2B3285D13D6F072D4A0A1C6C92C8CDB31B7CF2C927F8E41B9FD8B5B39283ADF8FAE50BBC7CF5125FBFFC1A5FBFF81A2F5E7EAD1322816BBAB905137068B49D88A4784B3AB9D0F877543F3035E3600C124E9B6BB476080AFD764068F4FAECE61BF8F09D8FF0F1ED736DFEB3AAC26D612038163B0D6BE0F4D394431B3C47F0EFE0391C62A15680017125528A173FF1E6B1C7738FD5E568F64734FB04E776C6FDE33D1E4E0FBA90EB329C75D3985AEFB6DA0B6F7BE5BD041C4E455E85C5BAD8D7208EF2BD7F999707B316C0A6835EAC15F3F15DD3D890261566564C0CD6C60BFAFE84F6728FAE7D85910018ADFB95620D47F68FF57A923E60EEDA23E1BC3C8E6695DC9A958548CB32B32C4A055087DD0D7EE487BF831FF9A1EFE0D9B3F775FA535FE2ABAF5ECB847FFAE2FBE8D6167D68058637E73B9C4F8F28EA1A87E311CDAE51DAC84A2641713C1EF5F78A59749D2C5BAB4CF0726ECFD11D9CEC16AEAD78B4C9BFC96AAA62CCAAA5552C59AF2048483AF15EBF61A41534CD294D31A911CDEC53EB5C83C41DE1DD014DFD016E9B67785637B8294A1C8B02C7225A82622F101CF206C7A2C19E3C427E804789794C54D94B7C2D02CA2505CEB1358C1C0D01B03BF24269068B04C609E7EE82537F42375D30AE0306D56282B5DFF3469265C4B88E916E66266F6EC0BDF3AFFC57B200BA34AA6F2562D809003641AB20C79E2E18BA47F4DD03BAF61E97D36B9CCFAF80F11E181F8DAA8C522D9533C95FAF1D1C87235115CB6BE329A1263FCF1C5C2768C57E77C4EDCD73BCFBEE87F8999FFE59FCF44FFF2C3EFAF09BC8529EE80ADFFD07DFC7DFFBEDDFC26F7FF7B770DFBDC1437787D7E7577879FF352EAF1FE09B1237B7B7D8ED7702305BDCD9586A8D9ED6ECA9B13232DDF63F6306F9FBED2EBE2803E7C5D89BF85332F4B8F92C5D0B00F1F28B3570C61F3306DDFA26B1276B399AEEA1A9D5745F37C8FC0DB2E41655D2A04E33F9FD7D5EE2506C6B87F78ECFF1FEF11DBC7B7C8E63B1C7AE3C227525E6C169A56425795D1D53C321A0E73CA2A4C4EED0A039D89D4267CAC2BB092702BB7BC463F78873FF8853FFA07849F75EA624240701636197122BAFF1C200F7DE9FFA2F540E66C4380E2D922460D7F05A779A245E9EC8B1EA23DACB1DDAF36BB4ED1BF4ED1B74ED1B2CE30998CFC657A7B3F1FA2CEE6876ADFD59F39638EE55D68495721B61CAA4A32C6AA55C87C32D7EDF777E0CDFF9F68FE3A38FBE81C3F1198EC767B8BF7F94C9FEE2D567F8EEE7BF83EF7EFE0FF0E2E12BB4E3195D4F7AD9E607D07133AA95D893B389E8BA220074472E6F42E72595BC184B0A1C9B0BC0932ED3AE11F339F28A1683C1976DFA4CE2651DC53AAA1780534E6801E2A54C9278EFBC54BF04D43CB009A346820392C07860AF1B45D8917BA86A1C18283256081E794870D31CF17C778BE7FB5B81E09DE3BB688A2352CEF3E575F32B491D16AD38268F052716AD68350F281AF7F662A979C565E8D18E173C76B490AF717FBEC3CA123A6750F21652F0F48F568A57F7728C01DEFFD37F51AD1FEC07E09C7C1234FBA6D09569993674864387F3E30B9C1E5EA0BBBCC6383C60EC1FB1CE6D64F2381F8F012437DBA4D2FC98B2576E36774A1173C6C04E4F581484660EA58C586B7CF2F137F1C927DFC4471F7F820F3FFC181F7CF8B182D0719D70EAEFF12BBFF1B7F02BBFF1B7F1E5ABCF65DAB8B1E7CB050F0F8FBAF3D036DC143E4F3FA60560F0B15D5CC9A9E0D7EE610A56A8DA2D52DD275CEF0ADDDA4DA69E2098946D502545CEC3FE4EF7209291E5B0853D703CE6D8EDD989CBC1D2393031006CE0661269B58A331C6F7B68F638343B5DBC39B3E6D24FD8E5350ED50EB7CD0D3E79EF237CFCDE27787E7C0775BE47C349601AF0C0A0D3063C1208092FB9E695F745215FBE5D35D7CF0B86A5C3437B8F570F2F64258300C011FA042F2FA48CB56A35D6D8E171EFFF99BF20A7ACBC903AF49C1620C57EC7208402452B46DCBFF91C0F775FC8F72F9A8D1F6BFEF1DA365EAD62A37A13BBF65DD7CED1DC13040E45CE797CACB6913F37150DCBB0024292E19DE7EFE1F93BEFE2BDF73FC0471F7F8C0F3FFA58A9187D6FBFB4F8D5DFFCDBF83BBFF92BF8FAEE4BA4A5479617389DCEB8BF7FD02BFF9C17ACE899C49CEC09533746E7FC33C9A34BCB3B0038303A4E7410009866A668F60440898C00E0CD5CBCAA7EE9558C2108ACEBD74ACB76A185E9FB6F9ED5D81F1AA5A461E41D427B3419F980E7184E1EE787017DDBA3E4540E32A9BA8B69C63AF0EA9A02755E615FEDF0C9FB1FE31BEF7F82F76EDFC7EDEE16CF9A5B385E4FD7AF9C3E8FC4978A8B3C0B75D42AA81E638D2F2CCDDB3CC8018FED3D5EBCF94A8B772EB35985BD0AACD25A297E4290A632A681EFFE9BFFB1CE234F4ACA5EB43260BF230058E9BA609E78DAEFF0FAE5F771F7F27BE82E2FE142ABB1E8BC4E85AFD2B4C7DE4D82A0E08857DE61A7C18A7CDEA4796B1439EFD9CBA388C274776AFE701EBBFD01BBFD1EC79B1BDCDEDEE2E6D9ADCCF9B44EE8A6333EFDEAFBF8F4ABEFE90DF2226952C6D42F4E13DDC96AE958CE76179A4A72FDAB599DB2545AD70D7116F2344A90A19A421C4DC731765553A26E68019811440B4000507C42C915FD264BDF04876E492100121C6E7622B558A15C870CC7EA3D7CEBC31FD3BAFBAAC5A7BFFB15BEF8E2CBABD6907E272389C4597DBCC5D3F3CE8202EF3F7F1F1F3C7B0FEFDFBE8BF78EEFE2BD9B7790710E9E063DF37936620F3D7B85783B2E875EB29095733CAF5D373361C4A97BC0CBFBAFF0F2CDD79879E91525F42CC9275C1C67D69BBC4ECDB6807BFE6FFCE781A6A0287275AEB06161BFF35AE3F880BE7D85F6FC155E7CF53B78F1E5EF606E5F4AA5CBDBB97499A32E74B4C1447AA6AC9CA764BA4A38AA6574094E22334F10B0F4BACCA686B56BD1AD5ECF889D553DD2BDEAA6A90B0C13554A17AD8EE9673C8D149DD204D35C8B88E18DA6390B3BCC9F83E283AEEFD59255378DC6D88BE9E322FB185F4DD06E7D7E9C745E553912B900122EFCDDECE2666A0ED421C4885AD23F93C372D2D6FEB093FB60397AED1D3E7AF60DFCDC3FFA4FE0E77EE29FC4E7BFFB157EED577F137FF7EFFD361ECE2DEECF2C87A7D8DF3CC3CDE199387BBA433E939BC30D9EED9F09001F3FFF001FBDF3212A12619CCB045A8ABD16CBBD4C8FCFDD004F66B2A891E4BCC09A4DC02B2EFD235EDDBFC0ABFBAFE5F379EAB9F1570090BE0F9D4D17259EDFFFB7FE0701A0ACCAFFAFB033FBB1ECBACEFB77CE3DF70C77BE3577F5C86E92CD49A42C4A8E23D90E10C4438697C008E2240F79CD5F9027BF190812C040F292BFC2C983E1C096E43812625B96295B23455214298ADDCD9E87AABAF370EE497EDF3EB7481B014262E3B2AA8BD55577AFB3F6DA6B7D835A85D4694BDD6EAC5E0731E3679A4D1E6A32BAABBB777EA27B9FFC44EBF17D475140840579B5BF1500960DCE94D2EB6656BE0E4646DB00200380C30B05D6CAAF6E4F9844B151238D941589B21685CFC2E997E18F8B37070D8558607803FEA0E5C9E61BDD6B23AB4FDD4F40FE787681D8B475871057087436AB96D4DC46268556244D031B792B6661FB9AFAEBC0183074E2CFB7E617599EA9681180A916CB85AAD94647FD437DFEE6E7F50B37DFD0F264A187F79FEACEC3C7FAD99D7BFAE8F65D9DCE966AB6BA6E376F8D1E01DFF4FABB2E06B9195CD839D4859D037529921B148E1D75B29EDA594F7199683E5E6A3C016B41C7B263CBD85A7C57F3E544A7A3A73A1D3F5349AB9131723C574C36C0754B33551CEB0CDBE8695EFA9D3FAD18EE80110B4FBFD4EB46EAF70880279A4E1E687CF689EE7CFC63DDBEF5B696A777DDD3E7BA48001835088003673167804869A3F032646A45AA0F0140D5CF796F35D7888DE75AB252A985D6156B66DC60DE8A95630DD64061238C2D6953DBBDD3AE66618EC555C600CFFA4E5B5736E7BC022C70A8FE69F16E29841EAED462D481555EBF11B5F945E022D49C842D60B7111B404126E1D6E04044588A5A0731EB462304C074A5BDA2AF9B979ED3CD4BD775C074B0D5D33AC9F4D60FDFD1777EF48E6E3D7C126C638D0E46061E806DA6DE704F7BBD1DEDF77774D0DB75200CDB7D0D5B7DF58B1DF5B2BEBA594F8DB2A9F968A9C994ACC42CA2AB94B6724D8C826882E1F414D6312939C25887FDDABAA11200CC5EEA71F0B5DFFDEB0A70201DB50E01D0DDA8DF8FD5EF211EFA44B3C97D8DCFEEE8E39FFD401F7FF4034D4F6E79B0133C6BB1960F014055C4998FB054336EA91917DA008A20006075658532400F600DF961398B8C2358A88CB0571FFBBC65CA91D73A7B861ED602E4FC2EFE7D4C41A8C5A5B6D0FD9AE6C5565AB90311A466E239C378CA911010E00481C14C99F116E741F1A95359401A985A689E4B60F2F0FD8A16337C02B8E180E2D6E42ADABC0069B1582A9A2ED44F525D19EEEBCA704FAF3FF7BC5E7EE9350D76AEE86B7FFD97FADA9FFFA57EFCD16D9DADB1ACA33207BC485B3497867BDAEDEE68B73BD06E87D5AFFB0407DAEF1DA89F0DD4E78A5836B51CAD3599AC6C68DDCAFB7EB8BC9F75665CAFA19B01B609A01B6A365BE252BBF190195E1F1A72D1F5FFF093700490CE8A52DDCE46C341A4C180BBF553AD168F349BDCD5471F7E4F3FFFD9F774F2E423550C7D7803F0CCA34D4AAFDC1052A4D37235EA55AD9360D4E1745D9B4D0285C2277833969285A226D3BC85D69A180F07F22CEB84207013834DA358E4F6060401F051ED89B0156FD8F2443D4DAE6DE70214BBDE64D05910316984C7520DBC092A33350291AB9DB5B26BB4760882302E6608E4000613814FD1227403B759886FCAD1922E57EA493AC832EDA7B9BEF4D24B7AF317DED4DEF18BFA836FFD6FFDC137FE4CEFDEB9AFB2E82ACA5B5ADAEB97006A5AB543CD42FDBCAD9D5657C3564FC73B07BAB877ACE3C105F5D2BEFA695FE9265539A9B49CE318DE53BB181AE25D2BDF9E07822D78CAA5AFE95539AAC1A56307404256A8B590A2177EEFA7BE05708E66D92A04C030D6CE9029D99936E5332D670FF4B30FBFAB9F7DF05D3D79F4A1D6CBA7D29CA8A2903066389810C4856D54231A1878DD94489643AC20AB723DC3791B51CA8566AB33C5CDB5929C731F342CBCBFD26DD5AC6D404C90286223B977D719807261AB10C3D7F2247375DB8A56909EA773B88E01C3D2820E9F374DA31ED3A09454B4034D3B6001421020BBB208BE4BCE12A475630611C6B67A271AFB998F33771D19D759192CA8A89309B0B56D9555BDA42FBFFE86BEF2955FD1A5E75ED1EF7FF3EBFAFDAFFD897E7AFF815A0747EAED1FDAE86DC2FD1DC4155D29B80471A67ED1D120EFEAF2FEB1AE1E5DD5E5BD2BEA36FBEA267D6555AE68D1D07A15ABC806EAB47654E45C2D6BDB003264ADDABF5E575A2FC72A5767DAACC62AD723C5D5D49275FC7EFEF96FFCDE8F2D88835A769AADD46913008903A0D1A035CCFFF8449FDCFEB13EB9FD8E03805BC1E4ECC40ED65B1F1E247F53AA56B200FA82C8C959CE1BD5512A5DBA808182C59B375B3236AED4CC22A7E420ACB45292964A8BC85911BD4E53B50880BAF9624BFBDA16C7E064074048F974F420B76E379BCDEFF6B9E2B5421F6016AE6F7C6F40A8A15F10944E967500D8ECCCC20F013194C4815DEC0597605DD5824DA452BE06E1EC30262ED450AB0AABD834F44B9FFB82FEFE97BFA2E36B2FEABF7DF3ABFAEF5FFB637DF0F081BA170E353C3C12C21DD3F55A13D72AB5A5FA2651BBD956B7D9D2D5A32BBA71F186AE1C5E57BBD1533BEE29AB5A8A9601AC9A673D153919A051FB03D61C1D8E4D6E9076B00370C3408EDECDC8F5802D716BDFB8E8E27F7CAB42E890260AC6C99D0EDDADD82B4D974A132AC8B1C6A77774767647274F3FD693471FE9F183BB9A4F4EB5988D0230A35682B37422235D96451D41DDD218A2B318ACBC560BAE64004841DA042C3F776FCE2CD83F3552DA80513B8550001A28FA2907D44A715B5F02382959B84652A14F174B0F4AD8689E76AE966505449CEABF3E1AB65A1535C794F4CFFD3AF823079A1A7A7A34AFD2269EE594B70DAD96A5A6A3A92693A99B5A39BABEE00AA386D24DA25EB3A3BDCE8EF63BBB7AFDF957F5EAEB6F68E7F0587FF8AD3FD11F7EF37FEA830777940EBB2AFA3D958D48ABA8A241AB29F6B60BBC0762C064CAAA4CCF1D5FD38B575FD6B50B2F28574759C504B1A568959AFDC3F8384DBB616014DA2941B5A40E80E0213CD5A6E4211EBBA1C72DA06153ECED30E877BF59711E50E5720D6CB72B5F03BB3DFCEA372A8AB535EF638D1445238D4E3FD1ED5BEFE8CEC71FEAE4E9038D4F1E6B317A1AE064355E931F825E004D0E6B0BC7A972D4AF41C140A8C0CBAE5C99FD63A009B66FA07FC9639E2104DD1ECE309E6856501CACE9EAB5A4FCBA0A7D7D8E9814B7D09CDFBCD262B5B43317F5041902653482836B1E77FFD902204A6035D5492048D96C8D4C6AF5B8569EA85D74D5A2C80A2E9956EA9A9C4D353E1B2B4B73B55BE1CFA928934DAA616B57D72E5CF7BA71E9455DBD7E5D45AFA7AFFFCD37F4F56F7D431FDCFF586511DB9BC0DCC9B46164D8740D2817E446A478D950B48A75E3D2F37AF9FA6BBA7EF16525655B09738675A16899690D04DDA6D081CCC28D8007C7225535823F48F850F183BB9C18C1C515900E6FD068A40FF09FBEE123C0CE19CDB5F2A252A7137965E8DCA44B656482E6425973A1C9E4BE3EB9FD9EEEDCFA4067CF1E6A7CF658CB31018064455D51C109DD7A40F04429512B6DAB95B50D7D0A1EE92EA1FC2FF8B59DE1AE76875C9B5A7550000F0F777F9A40771FDEF51ACF4636A060161FA6F5B46DA91D20A60451A915BE3CE805D71A12F45BC806CD1C37D48DA76A8090D87C775239A9EA6260AB654DE632B8126F845A193504EF468B29EDDD85B31ACAE939EDDC764FBDD6AE0E069775F9C2F3BA72E17935F104DC543A598FF4830F7FA81F7CF0233D983C54DC6D2A6D3755C61041565A552BCDCA99CA393A41899A55A67493EBB9E3E775F3DAABBA76FCB29A6547C9A6AB06338665EE00C08006C24A653049DB4D2C6F7E4DC363F003939AB45F4132557D15B4E6521D0057FFF39F3A16DC9145D3164BD456AC560BD9139A0773258DB95AC546ADBCD47CFE44F7EE7EA0FB773FF2E6CF264F359F9E842AD31C82733B20F705AC7DB3B6AB9C3A79D75E03BC910683D8402072D7F0F557DFD0E75EFB9C2E1C1E8573952B12F8FD4DA9D16CA4B7BEFB57FACEDFBCA57B8FEF29CD133571F6F006D76ECA56F4A83C02DDD0A98B51FB466C39D8E1A2DE8DFF105FC379CBF9C81837CB38EA604251A882A9AD45A9A3241C5533A67CA5DBB559929BE9B3A1FD6C55F5205B4B5BF7D2F1255D3CBAAE8B87D7757C704DC707CFE9F6470FF5F67BEFE9C73FFFB11E4E1E792D9A4B157B2D75871DCDCB85C68B91268B89E65C81C94A9B4CEDA4A756D2D3D50B3774E3D2CBBA7C745369D557932963D955B5CCB42A21AF22C303A905E454515B3AD0B2DE3808E06DB803E894BF08A9BF5EA685B1E72FFE97FF710E09E3BCE07FA0AA2C48531E1ACCD540C2B41DABD38E0C0079F4E8961E3DB8ADE9F8A9C7C28BD9A99B0B5B6F3E2C64AC595F1B29901900BDB6B3C44F0C47034F8FABFB35C090967EF597FF81D773D79EAB5D4928BC42853D9D8DF5B5AF7FD5EBE35B3F57D1CA94B7716508B68C96A2F619BFF6C6A3FA0D108256F26C39D362BDF411108E08782EC18310F008D75F3A7A50B728E6404125C62336343E9BE8ECE44CD3D1C4699E05F982A2D6ABB67565EE71F3859BBAF9FC2BBA72FC9CF60647DA1D1CEAADBFF81BFDD1D7BFA66FBCF54DC0805ED93057EF68A0C1FE8EC68B899E8E4E743239AB6DCB886200A94375B21D5D3EBAAE6B175FD2C583178C2F48A381E24D579B154700DD4D9447823278B0870F2AE5665333C6C7A4AA8137128EE96B351BE1358196B705845CF89DFFEA717098D187228CA7822A39CF1BCAF35878426759E54961594E34193FD164FC5427270F747AF240A3B3C7C600C43CEA903539B3F95EE616F39E03FF8A4C944C1B890A2C4BE861F346D3E96EE6BA7AE99AAE5CBEA6417FE8628BA7EB70FF48178F8FD5EFF7F4DE3BEFE8DD77DED1B3A74F94D1B6CD9A7AF2EC89EE3FB8A7874F1E698644CA022E42A456B7E5355DCC0C049D2EA6064A066FE33060827216C42830A604084A114C0B1BF04A08046B268CA75A4CE73EA6588959C4210080CD753B3D0DFB435DBFF69C6E5CBBA17E67A072BE76D678FBFB3FD2B7DEFAB6BEFBEEF7D51C144A07B99AAC5EAEBC8B8EDF42A7A094163355E012B847542DC59B96E2AAF03172FDEA6BBA7CFC929208B0C840D1A6A3CD9A23006A5908823554761F07418F782B4CED0CD7447EBE54966CFC8A62798A6EB1BD0C6106FDBB7FFF9971306F4AA5B4C9B83556CFCC9BB67A3DC69081CD4B4EDF6C66DA6CE67AF2F8AE1E3CB8AD274FEE19FA95D0CF679256860E549642A90203DFB402096F245DBC6E1BCC614F793354D8F8D8E15310FC246940F1DF915E79F955BDF9F937F5CACD97343D1B69321A6BB358052BD924D2FB3F7D5F3FF8D10FF5EE4FDE0D48DFD1A9F16F3BFB3BDAD9DFD5783AD1D3D3A7864C0192A4954B80C03432FEC1B38170AF64B0036396A68A9D3531A65C21CA188CA43D38395F6630E870FF50178F2FEA12EBD2255D39BE689B9A4F6EDDD2DD5BB7F4E14FDED73BEFBFAB0F3EB9ABCE41AEF6FE404937D3DA4E6789665C01574BCD9866D269CC06B6A2A1C5B29844BA72F1A65EB8F186AE5C7EF51C6606D6B02400360D43BCC38AB4B6A6010FE1CA103E80395933C2CF53AD6675BE8AC6469995CBEB3E40F3DFFCDB5003843C60ED7BDBB525B186C38121D6C341D7044DD030A083299A9ACD4A0F1FDED1279F7CA4870F6F2BC121D3E821E8DA18252C9467B15A0C519A89A693B117B62E0E80761D009CAB5153A3D3B146A7132D17A5EFDB7CEEE5973EA737DFF8825E7FF9353747FA45D766078CE62900DF7BFF7DFDD001F09E469391CEC650D3620DF67634DCDDB1E6D1C9E8D401305FE28D3CF72BB704A870B57280CF7F3200506A2F37C532A37F414A6126DDED805DEC04F6921B40910EF70F74E1C2051D1F5DD0C1FEBE8EF677341B9FE89D1F7E4FEFFCE8FBBA7BEB67BA73EFB6EE9D2CD53B4AD53B8E44ECC40000200049444154DC55DC4A35D92C35C54318EA579D3B1B454B6973A008DDFF79E275F9E24DDDB8F1862E5D7A451230FDB04A1B4C6E0320D2724D5683101A4CAB93180E62A93C8DD54E23759A52BB29BF22379747805CEB4C96FDCB7F1E3280757D0258104C1D600AE6F27B7B7B1A0C7B5A81E35B01FCAC2C719617B11E3CBCA3DBB73FD4C307B7434B1BF489553CF8B5D0C85FABE1A00072060184E649658C20E73E9B4CE223DD2F676BDBB22571AA4E7BA06E7BA083FD0B3A3E38D6E583635D3FBEAA1B17AFBA455A2D41EBACF5E8F163DD7BF8C0AFC60618E6058B28535A80EBDF18093B9E4E1D24AC7B0F1E183B483030C5A349C4EFC3FF1F063CB16F226403BE6E3A9D98A6F6CA2B2FEBD5575ED6E1C1811214BD1AB10A5F9D0BFBEFF47A3D0D7B854E1EDFD5F7BEF3E7FAEE77FE424F1EDCD6D3D3137BFBF40E32F50EF75441649D4D74325D681DA30D906B9320F3CA90897E424F79BEA73CDBD5F1851775F9CACB3A3C7A51AB75A1351B8FB12466D366F9B0F1C1E78B36372CE418CD20F414B456D18CD54923759B91BA89FCDA8643688C631D00E96FFD7A4DC10B0A595487C0B408809D1DF876FB1A0CFA169080934FCF000044A79BE9FE833BFAF8E30FF4E4FE6D2967E2C77512BD1F3205BC7EC68EC0C93936A80BF83C166D088AD02AA6C51BA67CB65EA91ACE0C87FB3C51C7CE04A062303AFCE2EBBFA02F7EEEF33ADAD9D76A0A28330040B75A4EB4B213F0E6316763B09D418D2B804116FAE3AF7E557FF4B5AFEADD77DFABBD1116D2A0A3E1DEAE7AFD9E0923A311420C0CC4BA9EF3B3F9104878327EF3377F43BFF91BBFAE176FBE10AECC185683B4B5CEDFDA99A19545BAFFC947FACB3FFB5FFAD69FFDA9C6278FB458959A4704404FBD8303AD1BB1EE9F80DA190B2DD9A4D55794B6F56CB29446981B0DD53DB8AE8383EB3A3A7C5E8747CF6BB87745F3656AB58F5589B164CB3A43749059A6991300CB5271B9F4E6372B28686C7EAC5E33522F89D4230BF000BB56A81D435AFFE21F065E008049DA61588AD493BB4EA7AB4EAF6731812D4182B93930EC7627D7D9D9133D7A725FA7A78FCDC40D3707D03813ADD7C8999E693E1F6B099B95C10400B70A8E7BE52B1723E47255FA26406D404680610358A2DF1B3A1B70316B3533BDF4DCF3BA79FD050DDA5DCD4613E301F7F6F675E1E245ED1F1CD63D7D60DB349982F50CFD7B0638FCF75FBDF596BEFD9DB774EBF69D20CD56AE9DE6F356E102D19E494BD84B813FC8F2CC6206D7A1D297BEF4A6BEF8C53775F9C2458B4051BE3E9E3FD2BD7B77F5F8F1236305F0083E7D724FEFBDFD7DBDF7E3EF69393DF535147BFBA4DB51B3D3B5D9F578558AFD86AC89FD4BD928345E545ACD1A8AF35D1D6E377EE7B2FA834B6AF70E355B36AD00B6DC408FE3EE5F9BBB312AAF0300726F522E94566BAFB6373EF6E6F7EBD5892A150CF04CF193A2C16FFFAA55C2F09C5B31E0A0A509F3A4DD55B399876CC09C8079380A97452B144C1D2AD1452077960B15ED546DA85B2088A7CF349D9E68347AE220998C4F54D2E982C088D803285B2BB6A37459A37B6C2F187AEFA16D9C3A18DA795BDDA2ADFDE18E1787C6E8D9A94ECFCEF4CAABAFE917FFDE2FE9B5173FA76939D774067804A047F022678207CE01E0C527F7EFEA93BB77351A435B032412E6FAA083080893416ADFE38008AA99B81B8A5FE9F0685F874707C6EF913CB9D9FCF4FEFB7AFB473FD4071FFED4C7492B8BB55E8CF5F4E15D3D7B74D742597C9F15FA036A681961759B29C60F301F6859A59A6F9A5A60210F1FA02A54B40EB47F784307073754B40F9516BB4AB281E66B14BF125BC220C849A0BA39B93508AFF5899AE552D966ADACC27544EA27B1FA8D588346A47E23526F1B00F5F788F6FFF5972D1409776E3942872651DA1B98EDCAA8125E1C889E6E6FA04E0F1246D77E769035D3145A564369D67040B43BE8E7CC757AFA4827A78FF4F4D97D3D7DC255F191B5006015712498EB6EFC40E9730B36B0D1C4747636C8AE0026059DDCD1B037D0A0D355D392E9B17D7B4F9F3ED3B367A7FAF297BFA27FFC4FFEA9BEFCA55FD6E9EC4C27A73096386602CBC320148AAB2C33D1336820D6EADD51AEF166AC93D3538D2763D702451B260EFE99211B846F1334873E35BC0E9276DC027EF0F6F7F5ED6F7F4B3FFCD1F7DD5320009A48DE31832F51EC08D7AD559CEA74B6F2AAD242BDBD0BEAED5ED262936AB26868BA4A14357B8A9B03B53A47DADD7FCE2B4E06B6902D63A45FEB4041B3A8EE70068BBD3A08A8DF60DE952B159BB57202A01169506F3EAFC3980090DA16BAAE6B80837FF50507C0984A19017A3426DA6C74DF326AAB15E93452ABD353ABDD53D14290A165CC5E4895A870504C2192C0007FA9C9E499C693677AFAF4BE1E3FB9A793670F2D08C1CDC07C0157A974D138FBC32A97D0CE56753D1084958AAC509B8C83BF8DBF6EE3AFC3D8623A9DE9FAF517F4DA6B9FD38D1B2F181CCAD3CFB4D19A7EB4980D990A596CBEA46E404F884959A0911997C00C62B30E98423C832DE3139A4A660841B3320021E004E932F2677CCDBD7B9FE8E3DB3FD7BDFB775D1C1B22C7EFB9C22F706E3957FE9E4D5268B29226C0BC1B85B2CE8EB2CEBE1AD98EE26CA8381D2A4A070E80BC75A04EFF589DDE45ADAA96E6883D72D78F32E122B4268BD44330E3706B8D6C9AB0D0CCF2F55AADAA545195EA35E400D889D9FCB00611F70960FB218AA3FDDFDE06C0440B06E6346CBCC91D3FFD8C493964A2022B53BA54BCB2021ECE0B16111F1740B04B2D16A8568EF5E4C9033D7A74D701105B0EAE54B311FA0C3647345B2804C27474E67B3E5EC48695BBD0827049872E56B9A679438084260E48608EA95E976CD5F32633AFE7E9DF0E76907FE1F38C6A27D399170A5DF60E00C28E4E40ED4E6E6B1923806AC898E585B71F872114B84536DF384550374C2A3DAC5ABAB750AE40062FB45ECCB49EAFE5790F6D66C420AAA6171BC9B9AF464FDD9D4B1AEC5D516FE7B21A0E80A19AD98ED37E96EF69BA68E86C526A3C47522E5705CC0E4C453DC1DC9A996D03A1B92E95974B3FE12D1100910671AC1D3FFD0DED341A1AD08761624B60130083DFFAC2B963C80A1405EF0C64CB8CAB06DDDDDA93BE0904390DC898A27063A528D0E161F3A1487377A67D0BA82254FDA7A74FF5ECE9439D9D3EF5C6D33F8014CAFC3A67866F3750FF257AFCE8BE1E3F7C606B944EBBE545CA0F8E6C68E570BEA3101A9E4C1791B6FF09963158ADD254628E10841B21A8044A3743A7D17862FE00702E0348CD2A66841C6A9CAD2A3AD7C0D0350CB232460E93D69D0D7816D666E17223B2530898C084660C01B056B95C6B4DF368C1750C6A5AAA4DD2D206EA77526803D91381A9B8ABFEDE15ED1E5CD360EFAA9AF98ED27C4709224E494F71D2D3741669342DCDEFF748B39169132741A0F353EFB35A6CB352BA09E99F00686BE300E0FC1F46B1868D86836010C5EA464171CDB380E29FBDEE5B00557045C78B7F2053D0F0A87975C14C310CC989E8705E86B3D56F22244C284F287998020615ACA105DA83939116F389AD50E119FA9537B919B971C153B3988E74EBA30FF5F1473F13BC8D83BD960EF67794D60ADC9EE0AD66EEED33FD338F2F019C016922D0DADDC8C2C3906B2C4524461166375BBD526767239D9D310F8F7C67EFF67B1E316F91C27E43E3800E6E77DB5E1489FC9DD0CB3D6D4CE9BD8337986A369F868E2294308A488FB5C3908B12073434ED60FCB817654351DE538355F4D56C0DFD94179D4315DD43B5BA872A3A076AB5F795A67D5BBE457800AD712D8FB54431C5A29D0DBFDA04ACD6490AEE252894A33F503AFD77543900BAB1D473DA8F35884300F4B701C0836176D03F7A25D833386F060BF6C0ED8AD5C8B7D7A42C60F82DC8088BA6A356A71314A7ED105263E76266089999C574CE7834912DE1FB42342D32B8F4E8E5311340E165A4F9F84CA7278FF5EEDBDFD7FB6FFFC4E62007575ABA7AE5A272583B146071E991F07435F519DC2C9ACAD3CC9A06C14D0B88D65CB31975027A3EE13A494FDF2DCF2A3285ECF474EAC83FBA7041474747EE088EC7633387B71A44F00306C38169E6740DC7D391670A8685A3F18F6EF93C308DCFC6084ECC052DDF665C7C0DFF614FE1A626A3A56667733CDEECFCADCEAE22F87F834375FB1714A703458DAED37FB77FACFEE04859DAD7061127BE878A006A8004637187DA82C701102CE8ACDB10C1C1AC544461E3DB107C55A983D58C226FFA206AA81FC7EAAB516700020054D4AF9101B89EA3994A0600DA1B0C36444ACF298E483BE11CE42970CA2F0020D07CC99C6683CB268DA0A65A79CB02100C5638CB7992F314F40C1B07E3988150A4CD7AAE92743A3DD5ED9F7FA85B3FFFC00A583B838E768668F571066F5436B0491B6BBC186B89C804A4D546A2D51281A51000884D20D6485A2BB8DFE7856F1501F902C41D4AF7CA620E83C1D09B4CE78F4DB6429A6D6B4B178264875EAFEB2E2243A6F9727EAE110DB1042A36103320D88055401AA16394C46DC534696CD99A6B322E353D43C9BB9286876A0E8FD41AEC2BEFEEABD53950E273BFAF241D2A6BEDA955D0FB28B446F317A939E5B5826930DE302ACA1A8A346FB9ED04434A6879E01ADA54F86C7EFDDA56A5AEA42EDCC4286698ACBE627538026C1810294A7FFD8BE70211D61635BD672B598A2207E88EB022C49EF9454DA546B429148454DA14575CDD881EC6A3D09FDA45479D76C774F38C5E424216E0F3B93AC8B7511730C2AC561A9D2275F244CBF9D8370666C9F4B42398AD71A9B3F9A9AF7AD3F5546BEBE505C54D1CB49640B26BDF40C6B81053807305D1A9A03CC27087CDDF0E7A38F7CD2BA82DE51604D372612631F06F1845B6C43182190D4146CB734DE6336B0C3068E208E42864C8C4D7AD56A0A021BE80D2CD349D60EC84DC5DAC62FF9286071755F4F7DD0368E6439FF959B1AB341F4A044F94AB2A132BDD71143622C8B464B100773694DB011044B3BDF9DCA81A1BA5044023523B8E1C040443ABAABC3A4C2E598AD525006864519011009D5FFB25EB04F20B6E18A7F2E6D754E8F05ACBC152D202C2B0446CF006C85B6DB53A5D17855CB3105B0434498186A972B73BF0A8B4DFEB854CC02838CF3D54E975E021A4EA20F658D0DE413BB3D4623ED6D9C9631F0B1E3137EA00989EE9747A1AC013EB99FDF310970A4FFFD232AC418E958CC3ED81F3381C6DA4BA1EEDDD6ED701C07593CE27E73DCD2D73083842780F487C8C8571D6AC0D2EE82E065DA191CE26680D4DBCE031EE1F1CA83F1C04F6F1945AAAA1D52AD57A9D6A6EC72EE48313ED1E5DD1CE852B2A7A7B2E02A3465B798B3A604F598126210ADFD40D9556F352AB194F76E6DF677B53B25AEA96D8EA594B48FD30BAD3943E7FAC160B910F308DCC5D361BB5402B57B15A55A47615A9155143D5D3C0F6AFFC62500861EAB52400D02CA9513600F2B77AC0C6AF858C60D9778A3EBA83902FB3CC2D58FA06C1F22DF4CA60ACC088053BC70897A713559030596B6938E86977C83CBDE35B01E3631A4593F1A9BB87810952AA8C28A6E65AAC672EC0CC159CB2A69A4D265ACC412DE17A1EA06D641B964D4FEC661379D6CF027F880025E99F82D1BE04DCAD4D2EE16AD874A3CB1900C2A5E55A4BDF22CED8F8F144635F29A726B40E7676D4EDA12ABAB1753B039D72037C1C51871000B34D43DDDD2375770F95B4075A47A936111A3E5D35D39E1AD8C16F520366374B5AC26BAD67B88DE72A9CCD40BE845A8A1EA7B5DB23F493F9792BBF120C6C4F8B2CD04CD4E1810325506E9495A8E4C52A2210CB11074BDD08A2DEFCC5372D154B0A740000DFA170B696F26702E03C1022C55943490691B2E940E006808D9C05986BDDDD40FD3E57C83DC7FF110CDD4E57DD4E4B4787FBBA7074A0A3833D753B6D6705AAD9C56CACF93CCC0F108706E91B1A3104EA4CA3F1A94667A79A8C469A8C470E06EB0FC591EB8D220D05E736286CDE60C857F0EFA00349D6F3996A41CA2A700C9BF436DA3553B9EFCE21CDA3D91C2E1EE012367EAE094091D9DCFC3E36BFD5EED6B6382D296E896E7B15314D8CDDE39F017BEBED2AEB0DADC1B86094CBFCBEC6F3A106C662BEC0DBBF0686365BA96816EAE41043A9D12A556B583E6520E63AEDC38DE4780B4561A32A95376275B24CDD2C53426D529688B57BF3596C3EA2EE5BA1B0A8FDF937CFAF818839F927B0C6FF36006AF302B201018112774E00404B069881F71F804CBA6BA44DA85F3C5134643064087775A67DAE0F9AB93AEDAE3A9D424787002A8E74E1F0D0A89F419F797BE2B9816165154EDBE19AC35D9BB485BCCCD9D9A9C60400681F3A98B389EB56F88A4D8E269C39E933D068728BD90208E744962DBEDCD3445AD1156A25E80B14D6FCEB74E88486A79A00402B703A5B59736FFB31AF76FF2A108B0C9C4735A8DA69C1147EC2670E808DA69848B4BA5E6592F9E325E91E44CF06EB186E53859A7027561B95B3A5579BB67191A90D6FC2D60A6887964A63D23E5756F08C2100C060F066A704409EA99D835FAC1431155D57CA18F24540CE43823F77F6EDBD5667002462964CBE82F26604C2B601B8122E169AFFE4C76D00C46A64A9FD801C049032DC100171034811C062B8B7862CB0CD06549FCCD0DBE622EEEDEE1A48B1B78742585FFD5E57AD029187B071C1B40B3C01C495D05FE0E99D4DC75E8BD9F45C68122533BB1BD42E355C3583CD05E04D566031F9BF6BA53F1A44E404433B4D04A1290428041E63CB563126A60007B72C4C551B4CE03D18842DE839C409B474245B70E74CB5DC34B5DC244EFFA379A931E3EEBCAD0869BC38D1742DCD0D8D0F4150D2DC8F83944C8309E96CA96A86B57CAE5E9EA99BA30AC0B3B751C6AA9B6A411F82AE1ECDB0F0B0840700BC05F232615A14AD2B0FD112A0EB5B2F8A2D2A78EFE6EBD608E21C9D2E51F7C2F33656922131BEF1F98BD68C8B3F20C76964C025AA1A1174EA7AE117C01B815DDC8633D5B66DD0C1821EAF39700C77937045E34DEEF71183D8F1B5ACDFEB5BDD8B5B435114065A585788C28EEE61337114F39D51EE58211E4D67B056110F7F6330B721186C7253E3136B950A070185A119E06E1805E00BAF2621BB7EA925E4C122F0B3A355C8998DC0A2A730E173FC4E5B2FA1EDCC64B18E345BB18280E9785EEA0C01271A5559A12ACDB5881A1A5B8114B12A0280C56D2455B30E806AB6D4668E3954A65E9EAB9BE3350CB44BCAE15CD8D5F453FCBFBBAFB659448D2D64046E05BE18056193605F539FE82EFFB642A9176EBC726E18417145A303FC3CBA39345D0055730D8BD9E08CAB600DFAA718CC92B01C0CFC1969906E55F009B42D2C2DE4FA09615B78E39A29820E883774D569F77DE6327DECF506EA11087E1D58E1830048E11D469592BA0AA68318B005C16FC84C653BC1B3B91BDF8B09068A48B805303E1C1CCE26A156A0280514B1ED1504662D456CED0784FE3F7275096AE25CF338CE0291139D1E3E4F97DC6611CE0EA59FEAD9AAD21CFAD8AAD278BED6D99C00586B93E6AA320220361C6C4EAAE788E4B8A46806764E75CE857FB152B5C0188A0048D4066D159E3FBFDA523EF4876A68FC96E91CCCB382634AED55E491615881BD5D5B65D562A1D1D5AB2FB806C03A96E606340BD3ACEAAED70AF60D6F2A060C5C03D3D88AF2AC38E77361B957408A4E62957170C58A6924D1286A66A60C005CA8EC9B47F388495D2DBE9C77D5E90E7D6D1C0CF6825ED0EE816F11BE3EF25373392E978AF0C96352873641302FF360C3C8DEDA832904017F19B8036BD404410BB733B8297065AC0DA5EB498A9F16DBC76C4D20C8109912D84C8DDCF77208C1245364E26935A337B530C9A4B49EF07C556AB6AE2CDF8234EB78B1D6D962A9F19A00C8BC96714333A06A681D582300B24AC385344FB7F59CE06D2C710C8DD4054ECFD35C1B89518B6F0380B2CAC87417C85520D362D469AD839AA2511B9D5A5B810D200B98D01A9851D10B179F0BEEE113AE37137BFE353159C8332369169B95251C1254370B0ABF58EBB8D23ADE84CD2F584D44ACBCF91BEC4E6209FB1AEA840451057EF11ABA447620DAE324BCB1B66769B6D4EEECA8DD196A383CD0E1C1251D1C5EB43AB7EFF68C6430558683E8393BA8D730550493E0E9621A660D780B3562369CAE20016029061784D4051C279E36467CD7CAC3AE209712A46C7008E349A77943BDC2CFC0CF8959330BA5AEC43A86B258241433D6121DBFF55A734BB2565A6C2A4D964B8D6827D70150A6A9560842835A6263E897D86F96A964E4348F9EF0D627BB0D8E2F953F4F7DCE252D2EB91E72150FB67DB4E7F93788AEA21A86155D68145BDC37F48ECE3116043A330BB29F03E0B50B578C0798100068DA13004C03F3C2A68673F4F5282E5AB957D56C086D8F256D486E03ADA61A2D66DE5632F3C6AFDDBCD9A8D14AD5C405246FB1155EF42CF9384115B3AE9AE3846EDA4079DE57B7B7AFDDDD63EDED1D07DA938B98B967EC78AD37360B54F4EBFE7778FAB9071BCA5EFF379B4F103082DED606DB1B41088420A96E755126788029C94C2876B36CEB105C409064E389874A866C7C65FB189C4D428148662013D86E016A9F57E9355D2D3466D177489B5AA74D07C0DC43A89ACDE9415B30D7C40D749B01E255A5561C9D9FFBF86A94F3A5ED6209008A6F8E67BA942B723B045B708A8066D07D3495918731CC42C075582905695ED73D214B44AF5FB85C0342C6EE6EE1E4C768950040607846876FB356DA6A296D33CA6C38201630798B44492B5552070041E00088F106DC286A67CA3A6DA5ADB64AE6D8A41E94B8C11BB4865203923E0C1F848E3A6A36115CA2283CD26078A8D52AD6C262D223C59B4558152B9CFFF40C7CEEF3C679F3C117F0394E233A920401CBCDCBBA4EA8AF86BC592B943E0800D8336C38A91D29BBB038824200B4BCF91896840CC0A02977D1E86BAEAFBAB252179E1B3CFDBC67D3D55293F552133088CD44659268D588E17F5AD492271608123A05310D2C8E288A36766FB90AF7F6466C6009CCE1CD7269DE01014C00B0F98B72E5BF8B8FB1A1E3F845141A13AAD2123AB47C516A098A6A54001C5F40FF5D08BE717CE91C1174360E01804C2BAD503874530280B4D36A599B9700E063786DD400CD761A8E000A69B4741B1C0F81A717FFAD00481C8DF8E2E4DD9E8AF68E03800688E24211E44604915A03F5FA075EF379A5C998EBDE89128C9523D846C15E950691AF78EE8A8520D8D604F620449BD8E0D3EDB2F4CF79C3C876B18C93C1259674D3981304F70F1B43F06A47909001106B741158D519A0911B6B18AEB92100A873BC77D6ECAB345B83FF5F6ACA24B5116B9D34B48A632D7106ABE5F1B6637636CAAD17F668B951B404D81929456595739D4272BD0A8D590287717BB9D26C4D00AC7C15271592FE1D00E83E6EA57219219B0FC9A1402F26C0F91C009FBF78F1D300184D04113B4D68EFE6C6D1CD2051107579A1B428542188B45E690EF50BCA35D26A05C2852100B68150713F6D654ADB2DA77C34EAD77506C83B7500303A05191B436C6CAB9180E12300F67D14100086AACD4F94D4BCB608DF609849D0CF50F0AA17D98040F086D79B1F9CC66AE356673C13A143479037D5D6B041092A9C8B0CB1B8A2B6AD69E86CE08CC066733C7023A8E5EC21B44074357F3164016BF559AF2FC8FB5110B2415358CEA46658493CA1F64E66BA5A8B1CD41EC786AE380304A07F7303C6D0CC09F73FB8D39B0BCB8C226968EE00586A8E828655C179C8F819F008084A17564D25FBD2FDB41F04F512E497FA2AF885CB2100CECECEE40C4084F134A485CF8C39F428EBF8E54A732049902ED79AD3962400F2D4B7037CEE6CADCBD43043E3BFA14691AA894325D06CCE217EC13457D6E929470933011AD57207CD19C00110EA806E7F4FB37900ABCE67CFD44C37A6AFE3395842A50681634B39D047A1C9533B199F5BCC6DA5203EEB575EF73F8279349DB7ADB3B8C7823CDD8864037DEB860D8ED9648AC1701C901D7D3D6C008681DA06AD3E5C0779F25D7C91E2E3E0B735F32AB5626322566565102BB3D697F1ADA9348D9A980D30D303DF41B324BDE95B312317EFA0A11A9166E5CA198640E0E9A731B78969482189879024B70B741A82131B0144514D97340B9A9A8ADEBC7C5C99823D1AD9C58A08B6E74C130A32620B6B670557BE193DEB461D00CBDA2C327526E007B2D9A10380BE0018F7D49AB611B700D223850F23D9564769DE378A029C9B8F8066DB8E192100F61C008B6564F0C56275AA46B252A3C9A81A832AB889E1E9DFFA077F2AF7B425F08527FE9C077FEED15C7B0803ECB6EC4B0882AD71341B8EA025C700028E6E0C45C0DD4256F0B510BE4223681C437245988187D0371D0B368640A0209C334AA65043BF108838953B50B3C0C7AF9BF2A12B03DF800C400108DB23A1DB0861A61E6B53CC99958CDD3D01B0593BC3F0FD29CEAD8ACE0D8CF39FA3D15ECC0D0370DD01DD845639B31202C0E2189FBF7A1C60E164002CCE68F99B314BA383FB2A328E440ECD1B02206400EA000F803C102200622F07404ABFA0EE1436A13FA52E8C807FBB4B814C1762C86C7E831A00F5869009D2A2A74E6F57DDFEAE8D2B0160601B8F3AA985A47029336D7DEB3252BF9E3FDA0143B845F86CD5C4ED196C0BF92028C5F9BD750DB38F30824A2547445D0C360B57CC9CFBBCB2F96C38C7025FCF0A7E41812F48860E0150396392865D2CBB60460D11C52356A5923B7BAD746ED56EFF5C91129A4F36A0AEAD1837B119D5C1D83A186AD5D6E8CE30F34DA919B03568F170FDDCE20C9EC9764572EF23B47F91F2633690C6884B11BC04B614BD7AFD52C575E8CC1960E4EB4C18BCE05A118C8EA95809081040B474E97A2DC979C60C32090CD030AE21F4282948EC306EC7E72086483609958F057D2494442114C684228280CC1132CBA5655D3C00866E1AD9E70F5B3AAF852AAC67113E30B5BBDE50841DEB74CA6B1023AF3FE73FAB052501835271D7AAA22100026AD8F077266E55087E5AD6CC00F83C72B7A9C5AE3170C036AF1685CADB6A71A3A1C6E1BD62F3EB028C8D0FC1C02B011182C07A2675B012908052ECC2466B9ABF9B6BDA0607F2F01A8668DBE94580BBBBC5CF11C3351D271032210E2CD6C8DED63D4102D7F3917AF379CD0900670010D491A2E76F846B2047008BB6A6858640D71A8316FCFBAC92C5F481FBFC9A7E7C9036C3658BFEFFF69520D876B72C660C549B6C4214F3CBD0C364B391EC3817B4A95D0DF80D68125170E61488182655DAD01949903B071D0B2A38101BC29B173637044050FD3A5FB56AB88D2EFD7306A93A5EF9D84F72ED944E90B3E1C14F9016304FF5769A495C530B049839AFBC1FD622661A98A3D4496FB246EAC1DBAB2593B85571263B00F006E6E9744B3BC8B56F99C6F64B62E31D009F5AD1D3EAFBD47E3E64024E528ACC90515004DEF8F8051B18DAE1E116045D1C31EFC61AAE20474AA93C8A5400DE05AE4E005CC360B6BF0000045949444154793E3482ECAA351A99AA451AA97504B77A92AE2441FAF00FD14ECA0B5720EE99A45306246050F0A7E320623373C5286CB1D98C8951D7A0B0E27308FC5990AFE9EBA1D5657C30F26DB7286422713B8504FB1DD049111A38DB27D91B1A74FA6ABF79BF72549DCB669D77DC42C0720CD933F83C786B2771CE579A32DE60C6DAF4EAC34DC11E83B5D964E020A02EC2F8B8E5C1165B49818C8CBBB1FBF443B6F42D3BF0566EAC05C1F95AA5F3D372C543AAD8E93F6C3E41108106AE7D3BEB0B6FA855F87E31DF9FE364E3CE2C6F3703B0A406888219A84ABA577345CB85529A790E80CAA8212072C12FE085ABE78DA0D97814E432EB82695B40B963C4AF68694DDE107E300E9BA003C82B95328B5932AA15E804E33F4CCF3F62D98F9816308B00E0E808C7071BCEB5C56F900BBB50D587D92E85653D093907AA7CAAE2E927BA36800C8401363E09FCB9BAC942460A023A2CB24A00F93B6B6D4DB1A9ACA9B93D2422339819528FB2EB2BA30DB79A1E52598ADEB6714140923793CD7706AC97672235E69000F0EF569BD9D77487DA4C3A3412228CBB3DB90B41C053410F9F67921BC3A7F3CEC8CD36BEF7762E432000AB838EC6AC8091F10614F56CAA683E554A33AF8481B851415DC0514D3E1FBEF86900949351E0196F0BAA7A60705E496FAF23D65765364FF7C70D80F3EE19B66715FC3560CD34795005F322CDA361169CC9191C81280AA822600EE10D42FA0D63261C384020277998386E400713E98840F95E540BFA6EC502DDDB2698EA27BC4EEDE163881FDB8DAF37D533F86D507C66B4E6CC513B48F13D5C2760671B8A588E0F9364015C789C1CA68ACE8C60F79D05B88EF13387E29802CF0AE39F11A6DE5EEFF855A8CE830B0543AFC89B4F30544C0C1D00885F859F77CB0B7021E9E13E3D813010626244001449E5F9C16631167B5A4DC7CACA95B272A97C531A3E7EAE10D27F3ED40093E9449BC9B816D40D99F81CC741406C4575B705365EF548C1D2FBDD80F7A361D2F2ABF5EBEA40C0923D80439035A33EA0F0035810BB87D044A0290323C72FC1F525183A1100E800656D064A38E36287B0F6BF1E6CBB3ADE56C654BF9F09003B9C6F95A61951933AB61B5FAB465B69321C5F0E84ED6C756BD349D453ACDA152A0B32786C125905F367B38E191FD72C1D063CD4473E7EEA00DA6AD04181DA8AD2BA4B4A3605DBB09DD307985AE53B6498DF3B00961B17A164DC0000E0BDE3F7E467079C1374069D29F99F6A3165A461D00658CF465A8D4FB4199FF9E9CFD62B338773C8A15BADE0F30098D40160EEDCDF09003B3DD5EBFF17003475F0BB2300364D2B5801A470001034CE0441029C8D6F16F417523730FE5600942B1340B256E681D3124E9E5621006A09F973B96F36B34EEF4126B3DE7C07C2FF2B00F816750078F33F1304DE96FA0CB4A6EC67028020E0497400B442754E47AF5E6E4E7F3683FCDD003042B5465573D404CE69402F33A82100400FD54701829AE82738336CED61FCF36E03007D5E6E55F5C7467497C60A860038D372F4770360E500B04CEEFFFDE7FF00CC95E54F752591F20000000049454E44AE426082),
('83480ac6-9534-4e46-93a3-a38b7a171c59','S','png',56,56,0x89504E470D0A1A0A0000000D4948445200000038000000380806000000A8863B1E000000017352474200AECE1CE900000511494441546843ED997B5054551CC7CF39F72ECB63D96100431E62062DD498409382542838BEA6713246FCA3A206B129C0726CA41C1D265446B3A9219BD1C46AA6C651CB8A9CA8864C134BD2402805E53160F186005940D8C7BDE79C667782A1DDBB0BCBDEBB7371EEFE7B7EBF73BE9FDFF7DC737E7B2F1C3B95B311DCC33FA800CE71771507E7B8814071507150E61550B6A8CC0D9A569EE2E0B425927980E2A0180641138BD0A58848D0A6094577D51A82298B7CC8181F39DA0B5676FC45FDCD9C18EB08CD21A983B02C4A872A229E427DBECB0081DE8210889A69B0B106AC68FF967FA6B5516C5049005197D697793F3E1B7469D25C104CC982D1F3F4B5EB9F92F0917117F29C868A0E885AB45A7428712F1C53DD3F2B91BEB81DBFF5DB6EB260746C56F93649A202428220B32D751FD4AB17BB238E0698EAF17B1585D4076377E6B1E48A0AA83A129F022AC376381485A809AAC90041D80C8DAAFB00867E8E624942FFC738BFFA7B7901E6AD2A0443EA383B510C3590A49E12B2A5EEF2842B56B74F3E140F2F44E4013313649B437DF81EFE9373B9F2027C7EFD69A1D39224F77E80B7D55E14128BBE898A65BE8C392834C6BD5A9B0B96F7F6B80329DA1685FDDEDEECF6B4D38242F3AB5E020903038E847A6D597B8C1A9910DB7192D671086FADBB2A0F4082209BB9EE0B4081CA6EBBADFF7B3F9F79ABD69150362FB5100EF9D86D6DB2B4EF43BCA3E69C2C002D22545BD71E06E34CA49D20160FE3756DC5E4D9C6EB8262AFCC0F85836ABB0307C60CF79307F5C3B201640F2C4B87F5C1998E04598E7FBA64F047B2B9B18A061ACDEE089F69AE68CFA06541D4AED53005CB0F038E09742A0051130D36FC4163F59524A3A99A06194C3315EC6A9CA880D68BB52C4AC77E1E5324F42C0A8A63C8388D1CFD9964349F25F1FD83AE024C172F3AA06541B62C4A07BF8E7E43E87E73D20498A94E5F8AF3ABBE12A3839958471240EB766DD16A9992841740979FA5E186D3557A629C6ACD0DE0CD9A03FCA2A1BB33CD71162719E0C4A24C655828F8EE810DA8D33FC5596B365524D59A9A7071C51E319C941C7072AB8C7AA998D2E838583F2F89F67927429ED138AB3C5D3C7082DF5D55EAAE8B1E039C2A141A18069D7C7829BA16F23418F18A1582B034E5DCB1F32F53354FDC81140D50559494410D8CDD65CD6FB85D0E927A7A1D89648B1237C15B41CF098DD3CDCDBBF88D2D4DB20064B3D71C850636D4560CB7BAED20C8BA59E54C249BBDE60834B061B631E4C9CE629C73E3175900AA72D3F601BDF723B662A8EECE19BEF0AA60133E11CBE6ADDA0B87D44BEC001FFDE723BCF3DA0FB200640B925F84AD01F69FC355F80EDE7F653B891C113CF6ADEF6F762597008CEC0E1D92D2F12E7EA5AE521E8067A363E019DDDB82627CB9369ADAF9194E6FBE31F5E8672E8787C153B1398E5E7190BC3F73F1E3DDF2F83F680173B44D272F714438A0260300020E70500B3926C0913B54C3B5F2C77FDAE98E7B965CD14E51AB90DFE787A88E24BC0378A8755318A59B9AF7F0E92D0D6ECE2332A0A56217162E644FC416B8D487FE9F8292C7FA8EE3D76BCADD8513DFC1FF14A1DB01FECCD1B82CD0EDB7D2953E1478E141BCA2B38464DDAC16034E32C04971BF8685B3E58B56C31EBF246064EDDEB958E320C5D4DFDC0275C317F9CCFA4B749ED128169CF4805394A286E000541F184EF55E5A801103FDF8711A3C3E4C9EE86E9FB31F5FC47462B673897B8ACE568584790AA084C5F5C8D48A831E29B3848B280E4A585C8F4CAD38E891324BB888E2A084C5F5C8D4F7BC83FF0280EC41B7A2FF4F1E0000000049454E44AE426082);
/*!40000 ALTER TABLE `pictures` ENABLE KEYS */;
UNLOCK TABLES;

--
-- Table structure for table `users`
--

DROP TABLE IF EXISTS `users`;
/*!40101 SET @saved_cs_client     = @@character_set_client */;
/*!40101 SET character_set_client = utf8 */;
CREATE TABLE `users` (
  `user_id` varchar(36) NOT NULL,
  `is_del` smallint(6) NOT NULL DEFAULT 0,
  `nickname` varchar(20) NOT NULL,
  `email` varchar(30) NOT NULL,
  `signup_date` datetime NOT NULL,
  `modify_date` datetime DEFAULT NULL,
  `sign_in_date` datetime DEFAULT NULL,
  `is_verified` smallint(6) NOT NULL DEFAULT 0,
  `verification_code` varchar(5) DEFAULT NULL,
  `pre_verified_hash` varchar(150) DEFAULT NULL,
  `password_hash` varchar(150) NOT NULL,
  `password_salt` varchar(50) NOT NULL,
  `avatar_id` varchar(36) DEFAULT NULL,
  `forgot_pass_count` smallint(6) DEFAULT NULL,
  `forgot_pass_date` datetime DEFAULT NULL,
  `reset_pass_count` smallint(6) DEFAULT NULL,
  `reset_pass_date` datetime DEFAULT NULL,
  `reset_pass_code` varchar(32) DEFAULT NULL,
  `new_email` varchar(30) DEFAULT NULL,
  `new_email_verification_code` varchar(5) DEFAULT NULL,
  PRIMARY KEY (`user_id`),
  KEY `picture_ctr` (`avatar_id`),
  CONSTRAINT `picture_ctr` FOREIGN KEY (`avatar_id`) REFERENCES `pictures` (`picture_id`)
) ENGINE=InnoDB DEFAULT CHARSET=utf8mb4 COLLATE=utf8mb4_general_ci;
/*!40101 SET character_set_client = @saved_cs_client */;

--
-- Dumping data for table `users`
--

LOCK TABLES `users` WRITE;
/*!40000 ALTER TABLE `users` DISABLE KEYS */;
INSERT INTO `users` VALUES
('a0e6f4c0-23b5-46aa-a935-571ffcb18ce7',0,'Second','second@n.n','2022-11-10 14:14:39',NULL,'2022-11-30 00:12:26',1,NULL,NULL,'758954d86ebdd71cfc37cf0d875908e43ec1e4d347a82faf2298f0dec027be08a71e678a772be8dc70f5bc1539f64e40ce17bf9c442be5e4d9408dbb5282f5b6','e9655565ef600952a7c9b88c93a9c062','83480ac6-9534-4e46-93a3-a38b7a171c59',NULL,NULL,NULL,NULL,NULL,NULL,NULL),
('fb2b2e63-ebff-4ed3-a15b-fda45e3452a4',0,'First','first@n.n','2022-09-23 19:12:33',NULL,'2022-11-30 00:11:48',1,NULL,NULL,'86c4a75e0ea067da4d0fe477463043eeb4723b81d59edb2842e37ad85c7790c46cbad4b7b6f119d281696acf3e13648d499d4db5dd767506efd75cff6286ba19','ec1f359ec97b2181ed1320fe1d32e786','50c3fc22-3daa-457a-a252-644353bff20f',1,'2022-09-30 13:16:57',1,'2022-09-23 21:15:13','65e6c1995dcf44f49f8ae72ba84b8f4d',NULL,NULL);
/*!40000 ALTER TABLE `users` ENABLE KEYS */;
UNLOCK TABLES;

--
-- Table structure for table `users_logs`
--

DROP TABLE IF EXISTS `users_logs`;
/*!40101 SET @saved_cs_client     = @@character_set_client */;
/*!40101 SET character_set_client = utf8 */;
CREATE TABLE `users_logs` (
  `user_log_id` bigint(20) NOT NULL AUTO_INCREMENT,
  `user_id` varchar(36) DEFAULT NULL,
  `write_date` datetime DEFAULT current_timestamp(),
  `host_ip` varchar(46) DEFAULT NULL,
  `log_type_id` int(11) DEFAULT NULL,
  `log_desc` varchar(300) DEFAULT NULL,
  PRIMARY KEY (`user_log_id`),
  KEY `log_type_ref` (`log_type_id`),
  KEY `user_ref` (`user_id`),
  CONSTRAINT `log_type_ref` FOREIGN KEY (`log_type_id`) REFERENCES `log_types` (`log_type_id`),
  CONSTRAINT `user_ref` FOREIGN KEY (`user_id`) REFERENCES `users` (`user_id`)
) ENGINE=InnoDB AUTO_INCREMENT=9 DEFAULT CHARSET=utf8mb4 COLLATE=utf8mb4_general_ci;
/*!40101 SET character_set_client = @saved_cs_client */;

--
-- Dumping data for table `users_logs`
--

LOCK TABLES `users_logs` WRITE;
/*!40000 ALTER TABLE `users_logs` DISABLE KEYS */;
INSERT INTO `users_logs` VALUES
(4,'fb2b2e63-ebff-4ed3-a15b-fda45e3452a4','2022-09-23 18:13:25','::1',1,'old email: q@q.qq, new email: q@q.qqq'),
(5,'fb2b2e63-ebff-4ed3-a15b-fda45e3452a4','2022-09-23 18:14:27','::1',1,'old pass hash: 5fe329219ce143e4a1f772ae22fa17b85f93f047a53fc58cd2ab5b6d17502a85974474372c141718054cb045e369554e04eb599a8ac9956ad059bbe54284037c, new pass hash: 35352a2e7e8a0e793ac5fac97e3f504358fc7612707ffb165f459b77f7ff27bbf57d24f3a60492478114d078c7d86a8016ed82ce0c35efd2595509a909c34fd3'),
(6,'fb2b2e63-ebff-4ed3-a15b-fda45e3452a4','2022-09-27 09:39:37','::1',1,'old email: q@q.qqq, new email: q@q.qq'),
(7,'fb2b2e63-ebff-4ed3-a15b-fda45e3452a4','2022-09-27 09:42:32','::1',1,'old email: q@q.qq, new email: q@q.qqq'),
(8,'fb2b2e63-ebff-4ed3-a15b-fda45e3452a4','2022-09-27 09:43:06','::1',2,'old pass hash: 9e38343ad0870821cb1180960b5783050ac50a63f57b8ebb43816ef4e4d7f0d66f5ea95f9abc8c1dc29655d980295d5a149cea344f0e8490b33065eeaed6ba64, new pass hash: 86c4a75e0ea067da4d0fe477463043eeb4723b81d59edb2842e37ad85c7790c46cbad4b7b6f119d281696acf3e13648d499d4db5dd767506efd75cff6286ba19');
/*!40000 ALTER TABLE `users_logs` ENABLE KEYS */;
UNLOCK TABLES;

--
-- Dumping routines for database 'server_db'
--
/*!50003 SET @saved_sql_mode       = @@sql_mode */ ;
/*!50003 SET sql_mode              = 'IGNORE_SPACE,STRICT_TRANS_TABLES,ERROR_FOR_DIVISION_BY_ZERO,NO_AUTO_CREATE_USER,NO_ENGINE_SUBSTITUTION' */ ;
/*!50003 DROP FUNCTION IF EXISTS `BigToInt` */;
/*!50003 SET @saved_cs_client      = @@character_set_client */ ;
/*!50003 SET @saved_cs_results     = @@character_set_results */ ;
/*!50003 SET @saved_col_connection = @@collation_connection */ ;
/*!50003 SET character_set_client  = utf8mb4 */ ;
/*!50003 SET character_set_results = utf8mb4 */ ;
/*!50003 SET collation_connection  = utf8mb4_general_ci */ ;
DELIMITER ;;
CREATE DEFINER=`root`@`%` FUNCTION `BigToInt`(n BIGINT) RETURNS int(11)
RETURN n ;;
DELIMITER ;
/*!50003 SET sql_mode              = @saved_sql_mode */ ;
/*!50003 SET character_set_client  = @saved_cs_client */ ;
/*!50003 SET character_set_results = @saved_cs_results */ ;
/*!50003 SET collation_connection  = @saved_col_connection */ ;
/*!40103 SET TIME_ZONE=@OLD_TIME_ZONE */;

/*!40101 SET SQL_MODE=@OLD_SQL_MODE */;
/*!40014 SET FOREIGN_KEY_CHECKS=@OLD_FOREIGN_KEY_CHECKS */;
/*!40014 SET UNIQUE_CHECKS=@OLD_UNIQUE_CHECKS */;
/*!40101 SET CHARACTER_SET_CLIENT=@OLD_CHARACTER_SET_CLIENT */;
/*!40101 SET CHARACTER_SET_RESULTS=@OLD_CHARACTER_SET_RESULTS */;
/*!40101 SET COLLATION_CONNECTION=@OLD_COLLATION_CONNECTION */;
/*!40111 SET SQL_NOTES=@OLD_SQL_NOTES */;

-- Dump completed on 2022-11-29 22:13:01
